ISO-10303-21;
HEADER;
/* Generated by software containing ST-Developer
 * from STEP Tools, Inc. (www.steptools.com) 
 */
/* OPTION: strings as raw bytes, not using required /X/ escapes */

FILE_DESCRIPTION(
/* description */ ('Unknown'),
/* implementation_level */ '2;1');

FILE_NAME(
/* name */ 'MSS3-V-TR',
/* time_stamp */ '2023-06-20T14:46:16+02:00',
/* author */ ('Unknown'),
/* organization */ ('Unknown'),
/* preprocessor_version */ 'ST-DEVELOPER v18.102',
/* originating_system */ 'Solid Edge',
/* authorisation */ 'Unknown');

FILE_SCHEMA (('AUTOMOTIVE_DESIGN {1 0 10303 214 3 1 1}'));
ENDSEC;

DATA;
#10=PROPERTY_DEFINITION_REPRESENTATION(#14,#12);
#11=PROPERTY_DEFINITION_REPRESENTATION(#15,#13);
#12=REPRESENTATION('',(#16),#5671);
#13=REPRESENTATION('',(#17),#5671);
#14=PROPERTY_DEFINITION('pmi validation property','',#5676);
#15=PROPERTY_DEFINITION('pmi validation property','',#5676);
#16=VALUE_REPRESENTATION_ITEM('number of annotations',COUNT_MEASURE(0.));
#17=VALUE_REPRESENTATION_ITEM('number of views',COUNT_MEASURE(0.));
#18=SHAPE_REPRESENTATION_RELATIONSHIP('','',#3791,#19);
#19=ADVANCED_BREP_SHAPE_REPRESENTATION('',(#3789),#5671);
#20=SPHERICAL_SURFACE('',#4012,0.0917867807999986);
#21=SPHERICAL_SURFACE('',#4019,0.0917867807999986);
#22=SPHERICAL_SURFACE('',#4026,0.0917867807999986);
#23=SPHERICAL_SURFACE('',#4033,0.0917867807999986);
#24=TOROIDAL_SURFACE('',#3827,0.25326302613456,0.0674902799999991);
#25=TOROIDAL_SURFACE('',#3843,0.25326302613456,0.0674902799999991);
#26=(
BOUNDED_SURFACE()
B_SPLINE_SURFACE(3,2,((#4917,#4918,#4919),(#4920,#4921,#4922),(#4923,#4924,
#4925),(#4926,#4927,#4928)),.UNSPECIFIED.,.F.,.F.,.F.)
B_SPLINE_SURFACE_WITH_KNOTS((4,4),(3,3),(6.28318530717959,7.85398163397448),
(0.,1.),.PIECEWISE_BEZIER_KNOTS.)
GEOMETRIC_REPRESENTATION_ITEM()
RATIONAL_B_SPLINE_SURFACE(((1.,0.707106781186548,1.),(1.,0.707226748987611,
1.),(1.,0.999989184578692,1.),(1.,1.,1.)))
REPRESENTATION_ITEM('')
SURFACE()
);
#27=(
BOUNDED_SURFACE()
B_SPLINE_SURFACE(3,2,((#4932,#4933,#4934),(#4935,#4936,#4937),(#4938,#4939,
#4940),(#4941,#4942,#4943)),.UNSPECIFIED.,.F.,.F.,.F.)
B_SPLINE_SURFACE_WITH_KNOTS((4,4),(3,3),(6.28318530717959,7.85398163397448),
(0.,1.),.PIECEWISE_BEZIER_KNOTS.)
GEOMETRIC_REPRESENTATION_ITEM()
RATIONAL_B_SPLINE_SURFACE(((1.,0.707106781186548,1.),(1.,0.707226748987566,
1.),(1.,0.999989184578693,1.),(1.,1.,1.)))
REPRESENTATION_ITEM('')
SURFACE()
);
#28=(
BOUNDED_SURFACE()
B_SPLINE_SURFACE(3,2,((#4947,#4948,#4949),(#4950,#4951,#4952),(#4953,#4954,
#4955),(#4956,#4957,#4958)),.UNSPECIFIED.,.F.,.F.,.F.)
B_SPLINE_SURFACE_WITH_KNOTS((4,4),(3,3),(6.28318530717959,7.85398163397448),
(0.,1.),.PIECEWISE_BEZIER_KNOTS.)
GEOMETRIC_REPRESENTATION_ITEM()
RATIONAL_B_SPLINE_SURFACE(((1.,0.707106781186548,1.),(1.,0.707226748987617,
1.),(1.,0.999989184578692,1.),(1.,1.,1.)))
REPRESENTATION_ITEM('')
SURFACE()
);
#29=(
BOUNDED_SURFACE()
B_SPLINE_SURFACE(3,2,((#4969,#4970,#4971),(#4972,#4973,#4974),(#4975,#4976,
#4977),(#4978,#4979,#4980)),.UNSPECIFIED.,.F.,.F.,.F.)
B_SPLINE_SURFACE_WITH_KNOTS((4,4),(3,3),(6.28318530717959,7.85398163397448),
(0.,1.),.PIECEWISE_BEZIER_KNOTS.)
GEOMETRIC_REPRESENTATION_ITEM()
RATIONAL_B_SPLINE_SURFACE(((1.,0.707106781186548,1.),(1.,0.70722674898757,
1.),(1.,0.999989184578692,1.),(1.,1.,1.)))
REPRESENTATION_ITEM('')
SURFACE()
);
#30=(
BOUNDED_SURFACE()
B_SPLINE_SURFACE(3,2,((#4984,#4985,#4986),(#4987,#4988,#4989),(#4990,#4991,
#4992),(#4993,#4994,#4995)),.UNSPECIFIED.,.F.,.F.,.F.)
B_SPLINE_SURFACE_WITH_KNOTS((4,4),(3,3),(6.28318530717959,7.85398163397448),
(0.,1.),.PIECEWISE_BEZIER_KNOTS.)
GEOMETRIC_REPRESENTATION_ITEM()
RATIONAL_B_SPLINE_SURFACE(((1.,0.707106781186548,1.),(1.,0.70722674898761,
1.),(1.,0.999989184578692,1.),(1.,1.,1.)))
REPRESENTATION_ITEM('')
SURFACE()
);
#31=(
BOUNDED_SURFACE()
B_SPLINE_SURFACE(3,2,((#4999,#5000,#5001),(#5002,#5003,#5004),(#5005,#5006,
#5007),(#5008,#5009,#5010)),.UNSPECIFIED.,.F.,.F.,.F.)
B_SPLINE_SURFACE_WITH_KNOTS((4,4),(3,3),(6.28318530717959,7.85398163397448),
(0.,1.),.PIECEWISE_BEZIER_KNOTS.)
GEOMETRIC_REPRESENTATION_ITEM()
RATIONAL_B_SPLINE_SURFACE(((1.,0.707106781186548,1.),(1.,0.707226748987616,
1.),(1.,0.999989184578692,1.),(1.,1.,1.)))
REPRESENTATION_ITEM('')
SURFACE()
);
#32=ELLIPSE('',#3816,0.0697197804712309,0.0674902799999991);
#33=ELLIPSE('',#3818,0.0697197804712311,0.0674902799999991);
#34=ELLIPSE('',#3820,0.0697197804712311,0.0674902799999991);
#35=ELLIPSE('',#3821,0.069719780471231,0.0674902799999991);
#36=ELLIPSE('',#3823,0.069719780471231,0.0674902799999991);
#37=ELLIPSE('',#3824,0.0697197804712309,0.0674902799999991);
#38=ELLIPSE('',#3832,0.0697197804712309,0.0674902799999991);
#39=ELLIPSE('',#3834,0.0697197804712311,0.0674902799999991);
#40=ELLIPSE('',#3836,0.0697197804712311,0.0674902799999991);
#41=ELLIPSE('',#3837,0.069719780471231,0.0674902799999991);
#42=ELLIPSE('',#3839,0.069719780471231,0.0674902799999991);
#43=ELLIPSE('',#3840,0.0697197804712309,0.0674902799999991);
#44=CIRCLE('',#3796,0.185772746134561);
#45=CIRCLE('',#3797,0.185772746134561);
#46=CIRCLE('',#3801,0.05);
#47=CIRCLE('',#3802,0.05);
#48=CIRCLE('',#3805,0.05);
#49=CIRCLE('',#3806,0.05);
#50=CIRCLE('',#3809,0.05);
#51=CIRCLE('',#3810,0.05);
#52=CIRCLE('',#3812,0.25326302613456);
#53=CIRCLE('',#3814,0.25326302613456);
#54=CIRCLE('',#3817,0.0674902799999991);
#55=CIRCLE('',#3826,0.0674902799999991);
#56=CIRCLE('',#3828,0.0674902799999991);
#57=CIRCLE('',#3830,0.0674902799999991);
#58=CIRCLE('',#3833,0.0674902799999991);
#59=CIRCLE('',#3842,0.0674902799999991);
#60=CIRCLE('',#3844,0.0674902799999991);
#61=CIRCLE('',#3846,0.0674902799999991);
#62=CIRCLE('',#3858,0.122709599999998);
#63=CIRCLE('',#3859,0.122709599999998);
#64=CIRCLE('',#3861,0.0917867807999986);
#65=CIRCLE('',#3863,0.122709599999998);
#66=CIRCLE('',#3864,0.122709599999998);
#67=CIRCLE('',#3866,0.0917867807999986);
#68=CIRCLE('',#3868,0.107984447999998);
#69=CIRCLE('',#3869,0.107984447999998);
#70=CIRCLE('',#3884,0.0917867807999986);
#71=CIRCLE('',#3886,0.0917867807999986);
#72=CIRCLE('',#3889,0.122709599999998);
#73=CIRCLE('',#3893,0.126367422628722);
#74=CIRCLE('',#3894,0.126367422628722);
#75=CIRCLE('',#3897,0.140776311333617);
#76=CIRCLE('',#3898,0.140776311333617);
#77=CIRCLE('',#3901,0.123137721863436);
#78=CIRCLE('',#3902,0.123137721863436);
#79=CIRCLE('',#3905,0.123137721863436);
#80=CIRCLE('',#3906,0.123137721863436);
#81=CIRCLE('',#3909,0.140776311333617);
#82=CIRCLE('',#3910,0.140776311333617);
#83=CIRCLE('',#3913,0.126367422628722);
#84=CIRCLE('',#3914,0.126367422628722);
#85=CIRCLE('',#3916,0.107984447999998);
#86=CIRCLE('',#3921,0.0917867807999986);
#87=CIRCLE('',#3923,0.122709599999998);
#88=CIRCLE('',#3925,0.122709599999998);
#89=CIRCLE('',#3926,0.0917867807999986);
#90=CIRCLE('',#3928,0.107984447999998);
#91=CIRCLE('',#3930,0.126367422628722);
#92=CIRCLE('',#3931,0.126367422628722);
#93=CIRCLE('',#3934,0.140776311333617);
#94=CIRCLE('',#3935,0.140776311333617);
#95=CIRCLE('',#3938,0.123137721863436);
#96=CIRCLE('',#3939,0.123137721863436);
#97=CIRCLE('',#3942,0.123137721863436);
#98=CIRCLE('',#3943,0.123137721863436);
#99=CIRCLE('',#3946,0.140776311333617);
#100=CIRCLE('',#3947,0.140776311333617);
#101=CIRCLE('',#3950,0.126367422628722);
#102=CIRCLE('',#3951,0.126367422628722);
#103=CIRCLE('',#3953,0.107984447999998);
#104=CIRCLE('',#3955,0.107984447999998);
#105=CIRCLE('',#3958,0.122709599999998);
#106=CIRCLE('',#3962,0.0917867807999986);
#107=CIRCLE('',#3964,0.122709599999998);
#108=CIRCLE('',#3965,0.122709599999998);
#109=CIRCLE('',#3967,0.0917867807999986);
#110=CIRCLE('',#3970,0.107984447999998);
#111=CIRCLE('',#3986,0.107984447999998);
#112=CIRCLE('',#3988,0.122709599999998);
#113=CIRCLE('',#3990,0.122709599999998);
#114=CIRCLE('',#3992,0.0917867807999986);
#115=CIRCLE('',#3994,0.0917867807999986);
#116=CIRCLE('',#3997,0.0917867807999986);
#117=CIRCLE('',#4000,0.0917867807999986);
#118=CIRCLE('',#4009,0.0917867807999986);
#119=CIRCLE('',#4011,0.0917867807999986);
#120=CIRCLE('',#4013,0.0917867807999986);
#121=CIRCLE('',#4016,0.0917867807999986);
#122=CIRCLE('',#4018,0.0917867807999986);
#123=CIRCLE('',#4020,0.0917867807999986);
#124=CIRCLE('',#4023,0.0917867807999986);
#125=CIRCLE('',#4025,0.0917867807999986);
#126=CIRCLE('',#4027,0.0917867807999986);
#127=CIRCLE('',#4030,0.0917867807999986);
#128=CIRCLE('',#4032,0.0917867807999986);
#129=CIRCLE('',#4034,0.0917867807999986);
#130=CYLINDRICAL_SURFACE('',#3795,0.185772746134561);
#131=CYLINDRICAL_SURFACE('',#3800,0.05);
#132=CYLINDRICAL_SURFACE('',#3804,0.05);
#133=CYLINDRICAL_SURFACE('',#3808,0.05);
#134=CYLINDRICAL_SURFACE('',#3815,0.0674902799999991);
#135=CYLINDRICAL_SURFACE('',#3819,0.0674902799999991);
#136=CYLINDRICAL_SURFACE('',#3822,0.0674902799999991);
#137=CYLINDRICAL_SURFACE('',#3825,0.0674902799999991);
#138=CYLINDRICAL_SURFACE('',#3829,0.0674902799999991);
#139=CYLINDRICAL_SURFACE('',#3831,0.0674902799999991);
#140=CYLINDRICAL_SURFACE('',#3835,0.0674902799999991);
#141=CYLINDRICAL_SURFACE('',#3838,0.0674902799999991);
#142=CYLINDRICAL_SURFACE('',#3841,0.0674902799999991);
#143=CYLINDRICAL_SURFACE('',#3845,0.0674902799999991);
#144=CYLINDRICAL_SURFACE('',#3857,0.122709599999998);
#145=CYLINDRICAL_SURFACE('',#3862,0.122709599999998);
#146=CYLINDRICAL_SURFACE('',#3867,0.107984447999998);
#147=CYLINDRICAL_SURFACE('',#3892,0.126367422628722);
#148=CYLINDRICAL_SURFACE('',#3896,0.140776311333617);
#149=CYLINDRICAL_SURFACE('',#3900,0.123137721863436);
#150=CYLINDRICAL_SURFACE('',#3904,0.123137721863436);
#151=CYLINDRICAL_SURFACE('',#3908,0.140776311333617);
#152=CYLINDRICAL_SURFACE('',#3912,0.126367422628722);
#153=CYLINDRICAL_SURFACE('',#3922,0.122709599999998);
#154=CYLINDRICAL_SURFACE('',#3929,0.126367422628722);
#155=CYLINDRICAL_SURFACE('',#3933,0.140776311333617);
#156=CYLINDRICAL_SURFACE('',#3937,0.123137721863436);
#157=CYLINDRICAL_SURFACE('',#3941,0.123137721863436);
#158=CYLINDRICAL_SURFACE('',#3945,0.140776311333617);
#159=CYLINDRICAL_SURFACE('',#3949,0.126367422628722);
#160=CYLINDRICAL_SURFACE('',#3954,0.107984447999998);
#161=CYLINDRICAL_SURFACE('',#3957,0.122709599999998);
#162=CYLINDRICAL_SURFACE('',#3963,0.122709599999998);
#163=CYLINDRICAL_SURFACE('',#3969,0.107984447999998);
#164=CYLINDRICAL_SURFACE('',#3985,0.107984447999998);
#165=CYLINDRICAL_SURFACE('',#3989,0.122709599999998);
#166=CYLINDRICAL_SURFACE('',#4008,0.0917867807999986);
#167=CYLINDRICAL_SURFACE('',#4010,0.0917867807999986);
#168=CYLINDRICAL_SURFACE('',#4014,0.0917867807999986);
#169=CYLINDRICAL_SURFACE('',#4015,0.0917867807999986);
#170=CYLINDRICAL_SURFACE('',#4017,0.0917867807999986);
#171=CYLINDRICAL_SURFACE('',#4021,0.0917867807999986);
#172=CYLINDRICAL_SURFACE('',#4022,0.0917867807999986);
#173=CYLINDRICAL_SURFACE('',#4024,0.0917867807999986);
#174=CYLINDRICAL_SURFACE('',#4028,0.0917867807999986);
#175=CYLINDRICAL_SURFACE('',#4029,0.0917867807999986);
#176=CYLINDRICAL_SURFACE('',#4031,0.0917867807999986);
#177=CYLINDRICAL_SURFACE('',#4035,0.0917867807999986);
#178=ORIENTED_EDGE('',*,*,#960,.F.);
#179=ORIENTED_EDGE('',*,*,#961,.T.);
#180=ORIENTED_EDGE('',*,*,#962,.T.);
#181=ORIENTED_EDGE('',*,*,#963,.F.);
#182=ORIENTED_EDGE('',*,*,#964,.F.);
#183=ORIENTED_EDGE('',*,*,#965,.T.);
#184=ORIENTED_EDGE('',*,*,#966,.T.);
#185=ORIENTED_EDGE('',*,*,#967,.T.);
#186=ORIENTED_EDGE('',*,*,#966,.F.);
#187=ORIENTED_EDGE('',*,*,#968,.T.);
#188=ORIENTED_EDGE('',*,*,#969,.T.);
#189=ORIENTED_EDGE('',*,*,#970,.T.);
#190=ORIENTED_EDGE('',*,*,#971,.T.);
#191=ORIENTED_EDGE('',*,*,#972,.T.);
#192=ORIENTED_EDGE('',*,*,#973,.T.);
#193=ORIENTED_EDGE('',*,*,#969,.F.);
#194=ORIENTED_EDGE('',*,*,#974,.T.);
#195=ORIENTED_EDGE('',*,*,#975,.T.);
#196=ORIENTED_EDGE('',*,*,#976,.T.);
#197=ORIENTED_EDGE('',*,*,#977,.T.);
#198=ORIENTED_EDGE('',*,*,#977,.F.);
#199=ORIENTED_EDGE('',*,*,#978,.T.);
#200=ORIENTED_EDGE('',*,*,#979,.T.);
#201=ORIENTED_EDGE('',*,*,#980,.T.);
#202=ORIENTED_EDGE('',*,*,#979,.F.);
#203=ORIENTED_EDGE('',*,*,#981,.T.);
#204=ORIENTED_EDGE('',*,*,#982,.T.);
#205=ORIENTED_EDGE('',*,*,#983,.T.);
#206=ORIENTED_EDGE('',*,*,#982,.F.);
#207=ORIENTED_EDGE('',*,*,#984,.T.);
#208=ORIENTED_EDGE('',*,*,#985,.T.);
#209=ORIENTED_EDGE('',*,*,#986,.T.);
#210=ORIENTED_EDGE('',*,*,#985,.F.);
#211=ORIENTED_EDGE('',*,*,#987,.T.);
#212=ORIENTED_EDGE('',*,*,#988,.T.);
#213=ORIENTED_EDGE('',*,*,#989,.T.);
#214=ORIENTED_EDGE('',*,*,#988,.F.);
#215=ORIENTED_EDGE('',*,*,#990,.T.);
#216=ORIENTED_EDGE('',*,*,#964,.T.);
#217=ORIENTED_EDGE('',*,*,#991,.T.);
#218=ORIENTED_EDGE('',*,*,#992,.T.);
#219=ORIENTED_EDGE('',*,*,#993,.T.);
#220=ORIENTED_EDGE('',*,*,#994,.T.);
#221=ORIENTED_EDGE('',*,*,#995,.T.);
#222=ORIENTED_EDGE('',*,*,#996,.T.);
#223=ORIENTED_EDGE('',*,*,#997,.T.);
#224=ORIENTED_EDGE('',*,*,#998,.T.);
#225=ORIENTED_EDGE('',*,*,#999,.T.);
#226=ORIENTED_EDGE('',*,*,#1000,.T.);
#227=ORIENTED_EDGE('',*,*,#1001,.T.);
#228=ORIENTED_EDGE('',*,*,#1002,.T.);
#229=ORIENTED_EDGE('',*,*,#1003,.T.);
#230=ORIENTED_EDGE('',*,*,#1004,.T.);
#231=ORIENTED_EDGE('',*,*,#1005,.T.);
#232=ORIENTED_EDGE('',*,*,#1006,.F.);
#233=ORIENTED_EDGE('',*,*,#1001,.F.);
#234=ORIENTED_EDGE('',*,*,#1007,.T.);
#235=ORIENTED_EDGE('',*,*,#974,.F.);
#236=ORIENTED_EDGE('',*,*,#1006,.T.);
#237=ORIENTED_EDGE('',*,*,#980,.F.);
#238=ORIENTED_EDGE('',*,*,#1008,.F.);
#239=ORIENTED_EDGE('',*,*,#1008,.T.);
#240=ORIENTED_EDGE('',*,*,#983,.F.);
#241=ORIENTED_EDGE('',*,*,#1009,.F.);
#242=ORIENTED_EDGE('',*,*,#1002,.F.);
#243=ORIENTED_EDGE('',*,*,#1009,.T.);
#244=ORIENTED_EDGE('',*,*,#986,.F.);
#245=ORIENTED_EDGE('',*,*,#1010,.F.);
#246=ORIENTED_EDGE('',*,*,#1010,.T.);
#247=ORIENTED_EDGE('',*,*,#989,.F.);
#248=ORIENTED_EDGE('',*,*,#1011,.F.);
#249=ORIENTED_EDGE('',*,*,#1003,.F.);
#250=ORIENTED_EDGE('',*,*,#1011,.T.);
#251=ORIENTED_EDGE('',*,*,#991,.F.);
#252=ORIENTED_EDGE('',*,*,#1012,.F.);
#253=ORIENTED_EDGE('',*,*,#1012,.T.);
#254=ORIENTED_EDGE('',*,*,#967,.F.);
#255=ORIENTED_EDGE('',*,*,#1013,.F.);
#256=ORIENTED_EDGE('',*,*,#1004,.F.);
#257=ORIENTED_EDGE('',*,*,#1013,.T.);
#258=ORIENTED_EDGE('',*,*,#970,.F.);
#259=ORIENTED_EDGE('',*,*,#1014,.F.);
#260=ORIENTED_EDGE('',*,*,#1005,.F.);
#261=ORIENTED_EDGE('',*,*,#1014,.T.);
#262=ORIENTED_EDGE('',*,*,#973,.F.);
#263=ORIENTED_EDGE('',*,*,#1015,.T.);
#264=ORIENTED_EDGE('',*,*,#999,.F.);
#265=ORIENTED_EDGE('',*,*,#1016,.F.);
#266=ORIENTED_EDGE('',*,*,#976,.F.);
#267=ORIENTED_EDGE('',*,*,#1017,.T.);
#268=ORIENTED_EDGE('',*,*,#992,.F.);
#269=ORIENTED_EDGE('',*,*,#978,.F.);
#270=ORIENTED_EDGE('',*,*,#1016,.T.);
#271=ORIENTED_EDGE('',*,*,#1018,.F.);
#272=ORIENTED_EDGE('',*,*,#1018,.T.);
#273=ORIENTED_EDGE('',*,*,#998,.F.);
#274=ORIENTED_EDGE('',*,*,#1019,.F.);
#275=ORIENTED_EDGE('',*,*,#981,.F.);
#276=ORIENTED_EDGE('',*,*,#984,.F.);
#277=ORIENTED_EDGE('',*,*,#1019,.T.);
#278=ORIENTED_EDGE('',*,*,#1020,.F.);
#279=ORIENTED_EDGE('',*,*,#1020,.T.);
#280=ORIENTED_EDGE('',*,*,#997,.F.);
#281=ORIENTED_EDGE('',*,*,#1021,.F.);
#282=ORIENTED_EDGE('',*,*,#987,.F.);
#283=ORIENTED_EDGE('',*,*,#990,.F.);
#284=ORIENTED_EDGE('',*,*,#1021,.T.);
#285=ORIENTED_EDGE('',*,*,#1022,.F.);
#286=ORIENTED_EDGE('',*,*,#1022,.T.);
#287=ORIENTED_EDGE('',*,*,#996,.F.);
#288=ORIENTED_EDGE('',*,*,#1023,.F.);
#289=ORIENTED_EDGE('',*,*,#965,.F.);
#290=ORIENTED_EDGE('',*,*,#1023,.T.);
#291=ORIENTED_EDGE('',*,*,#995,.F.);
#292=ORIENTED_EDGE('',*,*,#1024,.F.);
#293=ORIENTED_EDGE('',*,*,#968,.F.);
#294=ORIENTED_EDGE('',*,*,#1024,.T.);
#295=ORIENTED_EDGE('',*,*,#994,.F.);
#296=ORIENTED_EDGE('',*,*,#1025,.T.);
#297=ORIENTED_EDGE('',*,*,#971,.F.);
#298=ORIENTED_EDGE('',*,*,#1026,.T.);
#299=ORIENTED_EDGE('',*,*,#1027,.F.);
#300=ORIENTED_EDGE('',*,*,#1028,.F.);
#301=ORIENTED_EDGE('',*,*,#1029,.F.);
#302=ORIENTED_EDGE('',*,*,#1030,.T.);
#303=ORIENTED_EDGE('',*,*,#1031,.F.);
#304=ORIENTED_EDGE('',*,*,#1026,.F.);
#305=ORIENTED_EDGE('',*,*,#1032,.F.);
#306=ORIENTED_EDGE('',*,*,#1033,.T.);
#307=ORIENTED_EDGE('',*,*,#1034,.F.);
#308=ORIENTED_EDGE('',*,*,#1030,.F.);
#309=ORIENTED_EDGE('',*,*,#1035,.F.);
#310=ORIENTED_EDGE('',*,*,#1028,.T.);
#311=ORIENTED_EDGE('',*,*,#1036,.F.);
#312=ORIENTED_EDGE('',*,*,#1033,.F.);
#313=ORIENTED_EDGE('',*,*,#1037,.F.);
#314=ORIENTED_EDGE('',*,*,#1015,.F.);
#315=ORIENTED_EDGE('',*,*,#972,.F.);
#316=ORIENTED_EDGE('',*,*,#1025,.F.);
#317=ORIENTED_EDGE('',*,*,#993,.F.);
#318=ORIENTED_EDGE('',*,*,#1017,.F.);
#319=ORIENTED_EDGE('',*,*,#975,.F.);
#320=ORIENTED_EDGE('',*,*,#1007,.F.);
#321=ORIENTED_EDGE('',*,*,#1000,.F.);
#322=ORIENTED_EDGE('',*,*,#1027,.T.);
#323=ORIENTED_EDGE('',*,*,#1031,.T.);
#324=ORIENTED_EDGE('',*,*,#1034,.T.);
#325=ORIENTED_EDGE('',*,*,#1036,.T.);
#326=ORIENTED_EDGE('',*,*,#1038,.T.);
#327=ORIENTED_EDGE('',*,*,#1039,.F.);
#328=ORIENTED_EDGE('',*,*,#1040,.F.);
#329=ORIENTED_EDGE('',*,*,#1041,.T.);
#330=ORIENTED_EDGE('',*,*,#1042,.T.);
#331=ORIENTED_EDGE('',*,*,#1043,.F.);
#332=ORIENTED_EDGE('',*,*,#1044,.F.);
#333=ORIENTED_EDGE('',*,*,#1045,.T.);
#334=ORIENTED_EDGE('',*,*,#1046,.T.);
#335=ORIENTED_EDGE('',*,*,#1047,.F.);
#336=ORIENTED_EDGE('',*,*,#1048,.F.);
#337=ORIENTED_EDGE('',*,*,#1049,.T.);
#338=ORIENTED_EDGE('',*,*,#1050,.F.);
#339=ORIENTED_EDGE('',*,*,#1051,.T.);
#340=ORIENTED_EDGE('',*,*,#1052,.F.);
#341=ORIENTED_EDGE('',*,*,#1053,.F.);
#342=ORIENTED_EDGE('',*,*,#1054,.F.);
#343=ORIENTED_EDGE('',*,*,#1055,.T.);
#344=ORIENTED_EDGE('',*,*,#1056,.F.);
#345=ORIENTED_EDGE('',*,*,#1057,.F.);
#346=ORIENTED_EDGE('',*,*,#1058,.F.);
#347=ORIENTED_EDGE('',*,*,#1059,.F.);
#348=ORIENTED_EDGE('',*,*,#1060,.F.);
#349=ORIENTED_EDGE('',*,*,#1061,.F.);
#350=ORIENTED_EDGE('',*,*,#1062,.F.);
#351=ORIENTED_EDGE('',*,*,#1063,.T.);
#352=ORIENTED_EDGE('',*,*,#1064,.T.);
#353=ORIENTED_EDGE('',*,*,#1065,.T.);
#354=ORIENTED_EDGE('',*,*,#1066,.F.);
#355=ORIENTED_EDGE('',*,*,#1067,.T.);
#356=ORIENTED_EDGE('',*,*,#1068,.T.);
#357=ORIENTED_EDGE('',*,*,#1060,.T.);
#358=ORIENTED_EDGE('',*,*,#1069,.F.);
#359=ORIENTED_EDGE('',*,*,#1063,.F.);
#360=ORIENTED_EDGE('',*,*,#1070,.F.);
#361=ORIENTED_EDGE('',*,*,#1071,.F.);
#362=ORIENTED_EDGE('',*,*,#1072,.F.);
#363=ORIENTED_EDGE('',*,*,#1073,.F.);
#364=ORIENTED_EDGE('',*,*,#1074,.T.);
#365=ORIENTED_EDGE('',*,*,#1075,.T.);
#366=ORIENTED_EDGE('',*,*,#1071,.T.);
#367=ORIENTED_EDGE('',*,*,#1076,.F.);
#368=ORIENTED_EDGE('',*,*,#1077,.F.);
#369=ORIENTED_EDGE('',*,*,#1051,.F.);
#370=ORIENTED_EDGE('',*,*,#1078,.F.);
#371=ORIENTED_EDGE('',*,*,#1079,.F.);
#372=ORIENTED_EDGE('',*,*,#1080,.T.);
#373=ORIENTED_EDGE('',*,*,#1044,.T.);
#374=ORIENTED_EDGE('',*,*,#1081,.T.);
#375=ORIENTED_EDGE('',*,*,#1082,.T.);
#376=ORIENTED_EDGE('',*,*,#1040,.T.);
#377=ORIENTED_EDGE('',*,*,#1083,.T.);
#378=ORIENTED_EDGE('',*,*,#1084,.T.);
#379=ORIENTED_EDGE('',*,*,#1085,.T.);
#380=ORIENTED_EDGE('',*,*,#1048,.T.);
#381=ORIENTED_EDGE('',*,*,#1086,.T.);
#382=ORIENTED_EDGE('',*,*,#1087,.T.);
#383=ORIENTED_EDGE('',*,*,#1088,.T.);
#384=ORIENTED_EDGE('',*,*,#1046,.F.);
#385=ORIENTED_EDGE('',*,*,#1089,.F.);
#386=ORIENTED_EDGE('',*,*,#1090,.F.);
#387=ORIENTED_EDGE('',*,*,#1091,.F.);
#388=ORIENTED_EDGE('',*,*,#1091,.T.);
#389=ORIENTED_EDGE('',*,*,#1092,.F.);
#390=ORIENTED_EDGE('',*,*,#1093,.F.);
#391=ORIENTED_EDGE('',*,*,#1086,.F.);
#392=ORIENTED_EDGE('',*,*,#1047,.T.);
#393=ORIENTED_EDGE('',*,*,#1094,.T.);
#394=ORIENTED_EDGE('',*,*,#1041,.F.);
#395=ORIENTED_EDGE('',*,*,#1085,.F.);
#396=ORIENTED_EDGE('',*,*,#1095,.T.);
#397=ORIENTED_EDGE('',*,*,#1096,.T.);
#398=ORIENTED_EDGE('',*,*,#1038,.F.);
#399=ORIENTED_EDGE('',*,*,#1094,.F.);
#400=ORIENTED_EDGE('',*,*,#1097,.F.);
#401=ORIENTED_EDGE('',*,*,#1098,.F.);
#402=ORIENTED_EDGE('',*,*,#1098,.T.);
#403=ORIENTED_EDGE('',*,*,#1099,.F.);
#404=ORIENTED_EDGE('',*,*,#1100,.F.);
#405=ORIENTED_EDGE('',*,*,#1083,.F.);
#406=ORIENTED_EDGE('',*,*,#1039,.T.);
#407=ORIENTED_EDGE('',*,*,#1101,.T.);
#408=ORIENTED_EDGE('',*,*,#1045,.F.);
#409=ORIENTED_EDGE('',*,*,#1080,.F.);
#410=ORIENTED_EDGE('',*,*,#1102,.T.);
#411=ORIENTED_EDGE('',*,*,#1103,.T.);
#412=ORIENTED_EDGE('',*,*,#1101,.F.);
#413=ORIENTED_EDGE('',*,*,#1104,.F.);
#414=ORIENTED_EDGE('',*,*,#1105,.F.);
#415=ORIENTED_EDGE('',*,*,#1042,.F.);
#416=ORIENTED_EDGE('',*,*,#1105,.T.);
#417=ORIENTED_EDGE('',*,*,#1106,.F.);
#418=ORIENTED_EDGE('',*,*,#1107,.F.);
#419=ORIENTED_EDGE('',*,*,#1081,.F.);
#420=ORIENTED_EDGE('',*,*,#1043,.T.);
#421=ORIENTED_EDGE('',*,*,#1108,.T.);
#422=ORIENTED_EDGE('',*,*,#1109,.T.);
#423=ORIENTED_EDGE('',*,*,#1064,.F.);
#424=ORIENTED_EDGE('',*,*,#1069,.T.);
#425=ORIENTED_EDGE('',*,*,#1075,.F.);
#426=ORIENTED_EDGE('',*,*,#1110,.T.);
#427=ORIENTED_EDGE('',*,*,#1111,.T.);
#428=ORIENTED_EDGE('',*,*,#1112,.T.);
#429=ORIENTED_EDGE('',*,*,#1066,.T.);
#430=ORIENTED_EDGE('',*,*,#1113,.T.);
#431=ORIENTED_EDGE('',*,*,#1067,.F.);
#432=ORIENTED_EDGE('',*,*,#1112,.F.);
#433=ORIENTED_EDGE('',*,*,#1114,.T.);
#434=ORIENTED_EDGE('',*,*,#960,.T.);
#435=ORIENTED_EDGE('',*,*,#1115,.T.);
#436=ORIENTED_EDGE('',*,*,#962,.F.);
#437=ORIENTED_EDGE('',*,*,#1116,.T.);
#438=ORIENTED_EDGE('',*,*,#1117,.F.);
#439=ORIENTED_EDGE('',*,*,#1118,.T.);
#440=ORIENTED_EDGE('',*,*,#1117,.T.);
#441=ORIENTED_EDGE('',*,*,#1119,.T.);
#442=ORIENTED_EDGE('',*,*,#1120,.T.);
#443=ORIENTED_EDGE('',*,*,#1121,.T.);
#444=ORIENTED_EDGE('',*,*,#1122,.T.);
#445=ORIENTED_EDGE('',*,*,#1123,.T.);
#446=ORIENTED_EDGE('',*,*,#1124,.T.);
#447=ORIENTED_EDGE('',*,*,#1125,.T.);
#448=ORIENTED_EDGE('',*,*,#1126,.T.);
#449=ORIENTED_EDGE('',*,*,#1089,.T.);
#450=ORIENTED_EDGE('',*,*,#1049,.F.);
#451=ORIENTED_EDGE('',*,*,#1088,.F.);
#452=ORIENTED_EDGE('',*,*,#1127,.T.);
#453=ORIENTED_EDGE('',*,*,#1128,.T.);
#454=ORIENTED_EDGE('',*,*,#1129,.F.);
#455=ORIENTED_EDGE('',*,*,#1130,.F.);
#456=ORIENTED_EDGE('',*,*,#1057,.T.);
#457=ORIENTED_EDGE('',*,*,#1131,.T.);
#458=ORIENTED_EDGE('',*,*,#1132,.T.);
#459=ORIENTED_EDGE('',*,*,#1133,.F.);
#460=ORIENTED_EDGE('',*,*,#1134,.F.);
#461=ORIENTED_EDGE('',*,*,#1135,.T.);
#462=ORIENTED_EDGE('',*,*,#1136,.T.);
#463=ORIENTED_EDGE('',*,*,#1135,.F.);
#464=ORIENTED_EDGE('',*,*,#1137,.F.);
#465=ORIENTED_EDGE('',*,*,#1138,.T.);
#466=ORIENTED_EDGE('',*,*,#1139,.T.);
#467=ORIENTED_EDGE('',*,*,#1138,.F.);
#468=ORIENTED_EDGE('',*,*,#1140,.F.);
#469=ORIENTED_EDGE('',*,*,#1141,.T.);
#470=ORIENTED_EDGE('',*,*,#1142,.T.);
#471=ORIENTED_EDGE('',*,*,#1141,.F.);
#472=ORIENTED_EDGE('',*,*,#1143,.F.);
#473=ORIENTED_EDGE('',*,*,#1144,.T.);
#474=ORIENTED_EDGE('',*,*,#1145,.T.);
#475=ORIENTED_EDGE('',*,*,#1144,.F.);
#476=ORIENTED_EDGE('',*,*,#1146,.F.);
#477=ORIENTED_EDGE('',*,*,#1147,.T.);
#478=ORIENTED_EDGE('',*,*,#1148,.T.);
#479=ORIENTED_EDGE('',*,*,#1147,.F.);
#480=ORIENTED_EDGE('',*,*,#1149,.F.);
#481=ORIENTED_EDGE('',*,*,#1150,.T.);
#482=ORIENTED_EDGE('',*,*,#1151,.T.);
#483=ORIENTED_EDGE('',*,*,#1150,.F.);
#484=ORIENTED_EDGE('',*,*,#1152,.F.);
#485=ORIENTED_EDGE('',*,*,#1153,.T.);
#486=ORIENTED_EDGE('',*,*,#1154,.T.);
#487=ORIENTED_EDGE('',*,*,#1153,.F.);
#488=ORIENTED_EDGE('',*,*,#1155,.F.);
#489=ORIENTED_EDGE('',*,*,#1156,.T.);
#490=ORIENTED_EDGE('',*,*,#1157,.T.);
#491=ORIENTED_EDGE('',*,*,#1156,.F.);
#492=ORIENTED_EDGE('',*,*,#1158,.F.);
#493=ORIENTED_EDGE('',*,*,#1159,.T.);
#494=ORIENTED_EDGE('',*,*,#1160,.T.);
#495=ORIENTED_EDGE('',*,*,#1159,.F.);
#496=ORIENTED_EDGE('',*,*,#1161,.F.);
#497=ORIENTED_EDGE('',*,*,#1162,.T.);
#498=ORIENTED_EDGE('',*,*,#1163,.T.);
#499=ORIENTED_EDGE('',*,*,#1162,.F.);
#500=ORIENTED_EDGE('',*,*,#1164,.F.);
#501=ORIENTED_EDGE('',*,*,#1165,.T.);
#502=ORIENTED_EDGE('',*,*,#1133,.T.);
#503=ORIENTED_EDGE('',*,*,#1166,.F.);
#504=ORIENTED_EDGE('',*,*,#1167,.T.);
#505=ORIENTED_EDGE('',*,*,#1168,.T.);
#506=ORIENTED_EDGE('',*,*,#1169,.T.);
#507=ORIENTED_EDGE('',*,*,#1170,.F.);
#508=ORIENTED_EDGE('',*,*,#1171,.F.);
#509=ORIENTED_EDGE('',*,*,#1172,.F.);
#510=ORIENTED_EDGE('',*,*,#1173,.F.);
#511=ORIENTED_EDGE('',*,*,#1053,.T.);
#512=ORIENTED_EDGE('',*,*,#1174,.T.);
#513=ORIENTED_EDGE('',*,*,#1175,.T.);
#514=ORIENTED_EDGE('',*,*,#1176,.T.);
#515=ORIENTED_EDGE('',*,*,#1072,.T.);
#516=ORIENTED_EDGE('',*,*,#1177,.T.);
#517=ORIENTED_EDGE('',*,*,#1078,.T.);
#518=ORIENTED_EDGE('',*,*,#1050,.T.);
#519=ORIENTED_EDGE('',*,*,#1173,.T.);
#520=ORIENTED_EDGE('',*,*,#1178,.T.);
#521=ORIENTED_EDGE('',*,*,#1174,.F.);
#522=ORIENTED_EDGE('',*,*,#1052,.T.);
#523=ORIENTED_EDGE('',*,*,#1077,.T.);
#524=ORIENTED_EDGE('',*,*,#1179,.T.);
#525=ORIENTED_EDGE('',*,*,#1165,.F.);
#526=ORIENTED_EDGE('',*,*,#1180,.F.);
#527=ORIENTED_EDGE('',*,*,#1181,.T.);
#528=ORIENTED_EDGE('',*,*,#1182,.T.);
#529=ORIENTED_EDGE('',*,*,#1125,.F.);
#530=ORIENTED_EDGE('',*,*,#1183,.T.);
#531=ORIENTED_EDGE('',*,*,#1184,.F.);
#532=ORIENTED_EDGE('',*,*,#1185,.T.);
#533=ORIENTED_EDGE('',*,*,#1126,.F.);
#534=ORIENTED_EDGE('',*,*,#1182,.F.);
#535=ORIENTED_EDGE('',*,*,#1186,.F.);
#536=ORIENTED_EDGE('',*,*,#1187,.F.);
#537=ORIENTED_EDGE('',*,*,#1122,.F.);
#538=ORIENTED_EDGE('',*,*,#1187,.T.);
#539=ORIENTED_EDGE('',*,*,#1188,.T.);
#540=ORIENTED_EDGE('',*,*,#1189,.T.);
#541=ORIENTED_EDGE('',*,*,#1190,.T.);
#542=ORIENTED_EDGE('',*,*,#1118,.F.);
#543=ORIENTED_EDGE('',*,*,#1121,.F.);
#544=ORIENTED_EDGE('',*,*,#1191,.T.);
#545=ORIENTED_EDGE('',*,*,#1192,.T.);
#546=ORIENTED_EDGE('',*,*,#1193,.F.);
#547=ORIENTED_EDGE('',*,*,#1194,.T.);
#548=ORIENTED_EDGE('',*,*,#1195,.T.);
#549=ORIENTED_EDGE('',*,*,#1196,.T.);
#550=ORIENTED_EDGE('',*,*,#1197,.F.);
#551=ORIENTED_EDGE('',*,*,#1198,.T.);
#552=ORIENTED_EDGE('',*,*,#1199,.F.);
#553=ORIENTED_EDGE('',*,*,#1200,.F.);
#554=ORIENTED_EDGE('',*,*,#1201,.T.);
#555=ORIENTED_EDGE('',*,*,#1197,.T.);
#556=ORIENTED_EDGE('',*,*,#1202,.F.);
#557=ORIENTED_EDGE('',*,*,#1203,.F.);
#558=ORIENTED_EDGE('',*,*,#1204,.T.);
#559=ORIENTED_EDGE('',*,*,#1200,.T.);
#560=ORIENTED_EDGE('',*,*,#1205,.F.);
#561=ORIENTED_EDGE('',*,*,#1206,.F.);
#562=ORIENTED_EDGE('',*,*,#1207,.T.);
#563=ORIENTED_EDGE('',*,*,#1203,.T.);
#564=ORIENTED_EDGE('',*,*,#1208,.F.);
#565=ORIENTED_EDGE('',*,*,#1209,.F.);
#566=ORIENTED_EDGE('',*,*,#1210,.T.);
#567=ORIENTED_EDGE('',*,*,#1206,.T.);
#568=ORIENTED_EDGE('',*,*,#1211,.F.);
#569=ORIENTED_EDGE('',*,*,#1212,.F.);
#570=ORIENTED_EDGE('',*,*,#1213,.T.);
#571=ORIENTED_EDGE('',*,*,#1209,.T.);
#572=ORIENTED_EDGE('',*,*,#1214,.F.);
#573=ORIENTED_EDGE('',*,*,#1215,.F.);
#574=ORIENTED_EDGE('',*,*,#1216,.T.);
#575=ORIENTED_EDGE('',*,*,#1212,.T.);
#576=ORIENTED_EDGE('',*,*,#1217,.F.);
#577=ORIENTED_EDGE('',*,*,#1218,.F.);
#578=ORIENTED_EDGE('',*,*,#1219,.T.);
#579=ORIENTED_EDGE('',*,*,#1215,.T.);
#580=ORIENTED_EDGE('',*,*,#1220,.F.);
#581=ORIENTED_EDGE('',*,*,#1221,.F.);
#582=ORIENTED_EDGE('',*,*,#1222,.T.);
#583=ORIENTED_EDGE('',*,*,#1218,.T.);
#584=ORIENTED_EDGE('',*,*,#1223,.F.);
#585=ORIENTED_EDGE('',*,*,#1224,.F.);
#586=ORIENTED_EDGE('',*,*,#1225,.T.);
#587=ORIENTED_EDGE('',*,*,#1221,.T.);
#588=ORIENTED_EDGE('',*,*,#1226,.F.);
#589=ORIENTED_EDGE('',*,*,#1227,.F.);
#590=ORIENTED_EDGE('',*,*,#1228,.T.);
#591=ORIENTED_EDGE('',*,*,#1224,.T.);
#592=ORIENTED_EDGE('',*,*,#1229,.F.);
#593=ORIENTED_EDGE('',*,*,#1230,.F.);
#594=ORIENTED_EDGE('',*,*,#1231,.T.);
#595=ORIENTED_EDGE('',*,*,#1227,.T.);
#596=ORIENTED_EDGE('',*,*,#1230,.T.);
#597=ORIENTED_EDGE('',*,*,#1232,.F.);
#598=ORIENTED_EDGE('',*,*,#1233,.T.);
#599=ORIENTED_EDGE('',*,*,#1054,.T.);
#600=ORIENTED_EDGE('',*,*,#1130,.T.);
#601=ORIENTED_EDGE('',*,*,#1234,.F.);
#602=ORIENTED_EDGE('',*,*,#1235,.T.);
#603=ORIENTED_EDGE('',*,*,#1236,.F.);
#604=ORIENTED_EDGE('',*,*,#1055,.F.);
#605=ORIENTED_EDGE('',*,*,#1233,.F.);
#606=ORIENTED_EDGE('',*,*,#1237,.F.);
#607=ORIENTED_EDGE('',*,*,#1185,.F.);
#608=ORIENTED_EDGE('',*,*,#1238,.T.);
#609=ORIENTED_EDGE('',*,*,#1239,.T.);
#610=ORIENTED_EDGE('',*,*,#1131,.F.);
#611=ORIENTED_EDGE('',*,*,#1056,.T.);
#612=ORIENTED_EDGE('',*,*,#1236,.T.);
#613=ORIENTED_EDGE('',*,*,#1240,.F.);
#614=ORIENTED_EDGE('',*,*,#1189,.F.);
#615=ORIENTED_EDGE('',*,*,#1241,.F.);
#616=ORIENTED_EDGE('',*,*,#1242,.F.);
#617=ORIENTED_EDGE('',*,*,#1243,.F.);
#618=ORIENTED_EDGE('',*,*,#1244,.F.);
#619=ORIENTED_EDGE('',*,*,#1061,.T.);
#620=ORIENTED_EDGE('',*,*,#1068,.F.);
#621=ORIENTED_EDGE('',*,*,#1113,.F.);
#622=ORIENTED_EDGE('',*,*,#963,.T.);
#623=ORIENTED_EDGE('',*,*,#1115,.F.);
#624=ORIENTED_EDGE('',*,*,#1190,.F.);
#625=ORIENTED_EDGE('',*,*,#1243,.T.);
#626=ORIENTED_EDGE('',*,*,#1245,.F.);
#627=ORIENTED_EDGE('',*,*,#1246,.F.);
#628=ORIENTED_EDGE('',*,*,#1247,.T.);
#629=ORIENTED_EDGE('',*,*,#1248,.F.);
#630=ORIENTED_EDGE('',*,*,#1249,.F.);
#631=ORIENTED_EDGE('',*,*,#1250,.T.);
#632=ORIENTED_EDGE('',*,*,#1247,.F.);
#633=ORIENTED_EDGE('',*,*,#1251,.F.);
#634=ORIENTED_EDGE('',*,*,#1252,.F.);
#635=ORIENTED_EDGE('',*,*,#1253,.T.);
#636=ORIENTED_EDGE('',*,*,#1254,.T.);
#637=ORIENTED_EDGE('',*,*,#1255,.T.);
#638=ORIENTED_EDGE('',*,*,#1256,.T.);
#639=ORIENTED_EDGE('',*,*,#1058,.T.);
#640=ORIENTED_EDGE('',*,*,#1244,.T.);
#641=ORIENTED_EDGE('',*,*,#1257,.F.);
#642=ORIENTED_EDGE('',*,*,#1258,.F.);
#643=ORIENTED_EDGE('',*,*,#1259,.F.);
#644=ORIENTED_EDGE('',*,*,#1260,.F.);
#645=ORIENTED_EDGE('',*,*,#1255,.F.);
#646=ORIENTED_EDGE('',*,*,#1261,.T.);
#647=ORIENTED_EDGE('',*,*,#1262,.T.);
#648=ORIENTED_EDGE('',*,*,#1263,.F.);
#649=ORIENTED_EDGE('',*,*,#1264,.T.);
#650=ORIENTED_EDGE('',*,*,#1265,.F.);
#651=ORIENTED_EDGE('',*,*,#1259,.T.);
#652=ORIENTED_EDGE('',*,*,#1266,.F.);
#653=ORIENTED_EDGE('',*,*,#1267,.T.);
#654=ORIENTED_EDGE('',*,*,#1166,.T.);
#655=ORIENTED_EDGE('',*,*,#1132,.F.);
#656=ORIENTED_EDGE('',*,*,#1136,.F.);
#657=ORIENTED_EDGE('',*,*,#1139,.F.);
#658=ORIENTED_EDGE('',*,*,#1142,.F.);
#659=ORIENTED_EDGE('',*,*,#1145,.F.);
#660=ORIENTED_EDGE('',*,*,#1148,.F.);
#661=ORIENTED_EDGE('',*,*,#1151,.F.);
#662=ORIENTED_EDGE('',*,*,#1154,.F.);
#663=ORIENTED_EDGE('',*,*,#1157,.F.);
#664=ORIENTED_EDGE('',*,*,#1160,.F.);
#665=ORIENTED_EDGE('',*,*,#1163,.F.);
#666=ORIENTED_EDGE('',*,*,#1179,.F.);
#667=ORIENTED_EDGE('',*,*,#1079,.T.);
#668=ORIENTED_EDGE('',*,*,#1177,.F.);
#669=ORIENTED_EDGE('',*,*,#1076,.T.);
#670=ORIENTED_EDGE('',*,*,#1070,.T.);
#671=ORIENTED_EDGE('',*,*,#1062,.T.);
#672=ORIENTED_EDGE('',*,*,#1059,.T.);
#673=ORIENTED_EDGE('',*,*,#1256,.F.);
#674=ORIENTED_EDGE('',*,*,#1260,.T.);
#675=ORIENTED_EDGE('',*,*,#1265,.T.);
#676=ORIENTED_EDGE('',*,*,#1268,.F.);
#677=ORIENTED_EDGE('',*,*,#1269,.F.);
#678=ORIENTED_EDGE('',*,*,#1167,.F.);
#679=ORIENTED_EDGE('',*,*,#1267,.F.);
#680=ORIENTED_EDGE('',*,*,#1168,.F.);
#681=ORIENTED_EDGE('',*,*,#1269,.T.);
#682=ORIENTED_EDGE('',*,*,#1270,.F.);
#683=ORIENTED_EDGE('',*,*,#1271,.F.);
#684=ORIENTED_EDGE('',*,*,#1272,.F.);
#685=ORIENTED_EDGE('',*,*,#1169,.F.);
#686=ORIENTED_EDGE('',*,*,#1271,.T.);
#687=ORIENTED_EDGE('',*,*,#1273,.T.);
#688=ORIENTED_EDGE('',*,*,#1107,.T.);
#689=ORIENTED_EDGE('',*,*,#1274,.T.);
#690=ORIENTED_EDGE('',*,*,#1102,.F.);
#691=ORIENTED_EDGE('',*,*,#1082,.F.);
#692=ORIENTED_EDGE('',*,*,#1100,.T.);
#693=ORIENTED_EDGE('',*,*,#1275,.T.);
#694=ORIENTED_EDGE('',*,*,#1095,.F.);
#695=ORIENTED_EDGE('',*,*,#1084,.F.);
#696=ORIENTED_EDGE('',*,*,#1093,.T.);
#697=ORIENTED_EDGE('',*,*,#1276,.T.);
#698=ORIENTED_EDGE('',*,*,#1127,.F.);
#699=ORIENTED_EDGE('',*,*,#1087,.F.);
#700=ORIENTED_EDGE('',*,*,#961,.F.);
#701=ORIENTED_EDGE('',*,*,#1277,.F.);
#702=ORIENTED_EDGE('',*,*,#1278,.T.);
#703=ORIENTED_EDGE('',*,*,#1073,.T.);
#704=ORIENTED_EDGE('',*,*,#1176,.F.);
#705=ORIENTED_EDGE('',*,*,#1279,.T.);
#706=ORIENTED_EDGE('',*,*,#1106,.T.);
#707=ORIENTED_EDGE('',*,*,#1104,.T.);
#708=ORIENTED_EDGE('',*,*,#1103,.F.);
#709=ORIENTED_EDGE('',*,*,#1280,.T.);
#710=ORIENTED_EDGE('',*,*,#1099,.T.);
#711=ORIENTED_EDGE('',*,*,#1097,.T.);
#712=ORIENTED_EDGE('',*,*,#1096,.F.);
#713=ORIENTED_EDGE('',*,*,#1281,.T.);
#714=ORIENTED_EDGE('',*,*,#1092,.T.);
#715=ORIENTED_EDGE('',*,*,#1090,.T.);
#716=ORIENTED_EDGE('',*,*,#1128,.F.);
#717=ORIENTED_EDGE('',*,*,#1282,.T.);
#718=ORIENTED_EDGE('',*,*,#1238,.F.);
#719=ORIENTED_EDGE('',*,*,#1184,.T.);
#720=ORIENTED_EDGE('',*,*,#1283,.T.);
#721=ORIENTED_EDGE('',*,*,#1284,.F.);
#722=ORIENTED_EDGE('',*,*,#1239,.F.);
#723=ORIENTED_EDGE('',*,*,#1285,.T.);
#724=ORIENTED_EDGE('',*,*,#1234,.T.);
#725=ORIENTED_EDGE('',*,*,#1129,.T.);
#726=ORIENTED_EDGE('',*,*,#1286,.T.);
#727=ORIENTED_EDGE('',*,*,#1198,.F.);
#728=ORIENTED_EDGE('',*,*,#1201,.F.);
#729=ORIENTED_EDGE('',*,*,#1204,.F.);
#730=ORIENTED_EDGE('',*,*,#1207,.F.);
#731=ORIENTED_EDGE('',*,*,#1210,.F.);
#732=ORIENTED_EDGE('',*,*,#1213,.F.);
#733=ORIENTED_EDGE('',*,*,#1216,.F.);
#734=ORIENTED_EDGE('',*,*,#1219,.F.);
#735=ORIENTED_EDGE('',*,*,#1222,.F.);
#736=ORIENTED_EDGE('',*,*,#1225,.F.);
#737=ORIENTED_EDGE('',*,*,#1228,.F.);
#738=ORIENTED_EDGE('',*,*,#1231,.F.);
#739=ORIENTED_EDGE('',*,*,#1235,.F.);
#740=ORIENTED_EDGE('',*,*,#1287,.F.);
#741=ORIENTED_EDGE('',*,*,#1288,.T.);
#742=ORIENTED_EDGE('',*,*,#1170,.T.);
#743=ORIENTED_EDGE('',*,*,#1272,.T.);
#744=ORIENTED_EDGE('',*,*,#1171,.T.);
#745=ORIENTED_EDGE('',*,*,#1289,.T.);
#746=ORIENTED_EDGE('',*,*,#1180,.T.);
#747=ORIENTED_EDGE('',*,*,#1164,.T.);
#748=ORIENTED_EDGE('',*,*,#1161,.T.);
#749=ORIENTED_EDGE('',*,*,#1158,.T.);
#750=ORIENTED_EDGE('',*,*,#1155,.T.);
#751=ORIENTED_EDGE('',*,*,#1152,.T.);
#752=ORIENTED_EDGE('',*,*,#1149,.T.);
#753=ORIENTED_EDGE('',*,*,#1146,.T.);
#754=ORIENTED_EDGE('',*,*,#1143,.T.);
#755=ORIENTED_EDGE('',*,*,#1140,.T.);
#756=ORIENTED_EDGE('',*,*,#1137,.T.);
#757=ORIENTED_EDGE('',*,*,#1134,.T.);
#758=ORIENTED_EDGE('',*,*,#1178,.F.);
#759=ORIENTED_EDGE('',*,*,#1290,.T.);
#760=ORIENTED_EDGE('',*,*,#1175,.F.);
#761=ORIENTED_EDGE('',*,*,#1172,.T.);
#762=ORIENTED_EDGE('',*,*,#1192,.F.);
#763=ORIENTED_EDGE('',*,*,#1291,.T.);
#764=ORIENTED_EDGE('',*,*,#1292,.F.);
#765=ORIENTED_EDGE('',*,*,#1293,.T.);
#766=ORIENTED_EDGE('',*,*,#1293,.F.);
#767=ORIENTED_EDGE('',*,*,#1294,.F.);
#768=ORIENTED_EDGE('',*,*,#1295,.T.);
#769=ORIENTED_EDGE('',*,*,#1193,.T.);
#770=ORIENTED_EDGE('',*,*,#1296,.F.);
#771=ORIENTED_EDGE('',*,*,#1297,.T.);
#772=ORIENTED_EDGE('',*,*,#1194,.F.);
#773=ORIENTED_EDGE('',*,*,#1295,.F.);
#774=ORIENTED_EDGE('',*,*,#1195,.F.);
#775=ORIENTED_EDGE('',*,*,#1297,.F.);
#776=ORIENTED_EDGE('',*,*,#1298,.F.);
#777=ORIENTED_EDGE('',*,*,#1299,.F.);
#778=ORIENTED_EDGE('',*,*,#1240,.T.);
#779=ORIENTED_EDGE('',*,*,#1237,.T.);
#780=ORIENTED_EDGE('',*,*,#1232,.T.);
#781=ORIENTED_EDGE('',*,*,#1229,.T.);
#782=ORIENTED_EDGE('',*,*,#1226,.T.);
#783=ORIENTED_EDGE('',*,*,#1223,.T.);
#784=ORIENTED_EDGE('',*,*,#1220,.T.);
#785=ORIENTED_EDGE('',*,*,#1217,.T.);
#786=ORIENTED_EDGE('',*,*,#1214,.T.);
#787=ORIENTED_EDGE('',*,*,#1211,.T.);
#788=ORIENTED_EDGE('',*,*,#1208,.T.);
#789=ORIENTED_EDGE('',*,*,#1205,.T.);
#790=ORIENTED_EDGE('',*,*,#1202,.T.);
#791=ORIENTED_EDGE('',*,*,#1199,.T.);
#792=ORIENTED_EDGE('',*,*,#1196,.F.);
#793=ORIENTED_EDGE('',*,*,#1299,.T.);
#794=ORIENTED_EDGE('',*,*,#1300,.F.);
#795=ORIENTED_EDGE('',*,*,#1301,.F.);
#796=ORIENTED_EDGE('',*,*,#1302,.T.);
#797=ORIENTED_EDGE('',*,*,#1303,.T.);
#798=ORIENTED_EDGE('',*,*,#1241,.T.);
#799=ORIENTED_EDGE('',*,*,#1188,.F.);
#800=ORIENTED_EDGE('',*,*,#1186,.T.);
#801=ORIENTED_EDGE('',*,*,#1181,.F.);
#802=ORIENTED_EDGE('',*,*,#1304,.F.);
#803=ORIENTED_EDGE('',*,*,#1305,.F.);
#804=ORIENTED_EDGE('',*,*,#1302,.F.);
#805=ORIENTED_EDGE('',*,*,#1306,.F.);
#806=ORIENTED_EDGE('',*,*,#1303,.F.);
#807=ORIENTED_EDGE('',*,*,#1305,.T.);
#808=ORIENTED_EDGE('',*,*,#1307,.F.);
#809=ORIENTED_EDGE('',*,*,#1308,.T.);
#810=ORIENTED_EDGE('',*,*,#1309,.F.);
#811=ORIENTED_EDGE('',*,*,#1310,.T.);
#812=ORIENTED_EDGE('',*,*,#1245,.T.);
#813=ORIENTED_EDGE('',*,*,#1242,.T.);
#814=ORIENTED_EDGE('',*,*,#1311,.F.);
#815=ORIENTED_EDGE('',*,*,#1312,.F.);
#816=ORIENTED_EDGE('',*,*,#1313,.T.);
#817=ORIENTED_EDGE('',*,*,#1314,.F.);
#818=ORIENTED_EDGE('',*,*,#1306,.T.);
#819=ORIENTED_EDGE('',*,*,#1301,.T.);
#820=ORIENTED_EDGE('',*,*,#1309,.T.);
#821=ORIENTED_EDGE('',*,*,#1315,.T.);
#822=ORIENTED_EDGE('',*,*,#1316,.T.);
#823=ORIENTED_EDGE('',*,*,#1317,.T.);
#824=ORIENTED_EDGE('',*,*,#1246,.T.);
#825=ORIENTED_EDGE('',*,*,#1310,.F.);
#826=ORIENTED_EDGE('',*,*,#1317,.F.);
#827=ORIENTED_EDGE('',*,*,#1318,.T.);
#828=ORIENTED_EDGE('',*,*,#1319,.F.);
#829=ORIENTED_EDGE('',*,*,#1320,.T.);
#830=ORIENTED_EDGE('',*,*,#1251,.T.);
#831=ORIENTED_EDGE('',*,*,#1249,.T.);
#832=ORIENTED_EDGE('',*,*,#1320,.F.);
#833=ORIENTED_EDGE('',*,*,#1321,.F.);
#834=ORIENTED_EDGE('',*,*,#1322,.T.);
#835=ORIENTED_EDGE('',*,*,#1250,.F.);
#836=ORIENTED_EDGE('',*,*,#1322,.F.);
#837=ORIENTED_EDGE('',*,*,#1323,.F.);
#838=ORIENTED_EDGE('',*,*,#1324,.T.);
#839=ORIENTED_EDGE('',*,*,#1325,.F.);
#840=ORIENTED_EDGE('',*,*,#1257,.T.);
#841=ORIENTED_EDGE('',*,*,#1248,.T.);
#842=ORIENTED_EDGE('',*,*,#1326,.T.);
#843=ORIENTED_EDGE('',*,*,#1327,.T.);
#844=ORIENTED_EDGE('',*,*,#1252,.T.);
#845=ORIENTED_EDGE('',*,*,#1325,.T.);
#846=ORIENTED_EDGE('',*,*,#1254,.F.);
#847=ORIENTED_EDGE('',*,*,#1328,.T.);
#848=ORIENTED_EDGE('',*,*,#1329,.T.);
#849=ORIENTED_EDGE('',*,*,#1261,.F.);
#850=ORIENTED_EDGE('',*,*,#1258,.T.);
#851=ORIENTED_EDGE('',*,*,#1330,.F.);
#852=ORIENTED_EDGE('',*,*,#1287,.T.);
#853=ORIENTED_EDGE('',*,*,#1273,.F.);
#854=ORIENTED_EDGE('',*,*,#1270,.T.);
#855=ORIENTED_EDGE('',*,*,#1268,.T.);
#856=ORIENTED_EDGE('',*,*,#1266,.T.);
#857=ORIENTED_EDGE('',*,*,#1264,.F.);
#858=ORIENTED_EDGE('',*,*,#1290,.F.);
#859=ORIENTED_EDGE('',*,*,#1289,.F.);
#860=ORIENTED_EDGE('',*,*,#1288,.F.);
#861=ORIENTED_EDGE('',*,*,#1331,.F.);
#862=ORIENTED_EDGE('',*,*,#1291,.F.);
#863=ORIENTED_EDGE('',*,*,#1286,.F.);
#864=ORIENTED_EDGE('',*,*,#1285,.F.);
#865=ORIENTED_EDGE('',*,*,#1282,.F.);
#866=ORIENTED_EDGE('',*,*,#1276,.F.);
#867=ORIENTED_EDGE('',*,*,#1281,.F.);
#868=ORIENTED_EDGE('',*,*,#1275,.F.);
#869=ORIENTED_EDGE('',*,*,#1280,.F.);
#870=ORIENTED_EDGE('',*,*,#1274,.F.);
#871=ORIENTED_EDGE('',*,*,#1279,.F.);
#872=ORIENTED_EDGE('',*,*,#1332,.F.);
#873=ORIENTED_EDGE('',*,*,#1311,.T.);
#874=ORIENTED_EDGE('',*,*,#1300,.T.);
#875=ORIENTED_EDGE('',*,*,#1298,.T.);
#876=ORIENTED_EDGE('',*,*,#1296,.T.);
#877=ORIENTED_EDGE('',*,*,#1294,.T.);
#878=ORIENTED_EDGE('',*,*,#1292,.T.);
#879=ORIENTED_EDGE('',*,*,#1333,.T.);
#880=ORIENTED_EDGE('',*,*,#1334,.T.);
#881=ORIENTED_EDGE('',*,*,#1307,.T.);
#882=ORIENTED_EDGE('',*,*,#1304,.T.);
#883=ORIENTED_EDGE('',*,*,#1314,.T.);
#884=ORIENTED_EDGE('',*,*,#1335,.T.);
#885=ORIENTED_EDGE('',*,*,#1336,.T.);
#886=ORIENTED_EDGE('',*,*,#1323,.T.);
#887=ORIENTED_EDGE('',*,*,#1321,.T.);
#888=ORIENTED_EDGE('',*,*,#1319,.T.);
#889=ORIENTED_EDGE('',*,*,#1337,.T.);
#890=ORIENTED_EDGE('',*,*,#1338,.T.);
#891=ORIENTED_EDGE('',*,*,#1312,.T.);
#892=ORIENTED_EDGE('',*,*,#1332,.T.);
#893=ORIENTED_EDGE('',*,*,#1331,.T.);
#894=ORIENTED_EDGE('',*,*,#1330,.T.);
#895=ORIENTED_EDGE('',*,*,#1263,.T.);
#896=ORIENTED_EDGE('',*,*,#1032,.T.);
#897=ORIENTED_EDGE('',*,*,#1029,.T.);
#898=ORIENTED_EDGE('',*,*,#1037,.T.);
#899=ORIENTED_EDGE('',*,*,#1035,.T.);
#900=ORIENTED_EDGE('',*,*,#1318,.F.);
#901=ORIENTED_EDGE('',*,*,#1316,.F.);
#902=ORIENTED_EDGE('',*,*,#1339,.F.);
#903=ORIENTED_EDGE('',*,*,#1337,.F.);
#904=ORIENTED_EDGE('',*,*,#1313,.F.);
#905=ORIENTED_EDGE('',*,*,#1338,.F.);
#906=ORIENTED_EDGE('',*,*,#1340,.F.);
#907=ORIENTED_EDGE('',*,*,#1333,.F.);
#908=ORIENTED_EDGE('',*,*,#1340,.T.);
#909=ORIENTED_EDGE('',*,*,#1339,.T.);
#910=ORIENTED_EDGE('',*,*,#1341,.F.);
#911=ORIENTED_EDGE('',*,*,#1341,.T.);
#912=ORIENTED_EDGE('',*,*,#1315,.F.);
#913=ORIENTED_EDGE('',*,*,#1308,.F.);
#914=ORIENTED_EDGE('',*,*,#1334,.F.);
#915=ORIENTED_EDGE('',*,*,#1074,.F.);
#916=ORIENTED_EDGE('',*,*,#1278,.F.);
#917=ORIENTED_EDGE('',*,*,#1342,.F.);
#918=ORIENTED_EDGE('',*,*,#1108,.F.);
#919=ORIENTED_EDGE('',*,*,#1065,.F.);
#920=ORIENTED_EDGE('',*,*,#1109,.F.);
#921=ORIENTED_EDGE('',*,*,#1343,.F.);
#922=ORIENTED_EDGE('',*,*,#1110,.F.);
#923=ORIENTED_EDGE('',*,*,#1343,.T.);
#924=ORIENTED_EDGE('',*,*,#1342,.T.);
#925=ORIENTED_EDGE('',*,*,#1344,.F.);
#926=ORIENTED_EDGE('',*,*,#1344,.T.);
#927=ORIENTED_EDGE('',*,*,#1277,.T.);
#928=ORIENTED_EDGE('',*,*,#1114,.F.);
#929=ORIENTED_EDGE('',*,*,#1111,.F.);
#930=ORIENTED_EDGE('',*,*,#1262,.F.);
#931=ORIENTED_EDGE('',*,*,#1329,.F.);
#932=ORIENTED_EDGE('',*,*,#1345,.F.);
#933=ORIENTED_EDGE('',*,*,#1335,.F.);
#934=ORIENTED_EDGE('',*,*,#1324,.F.);
#935=ORIENTED_EDGE('',*,*,#1336,.F.);
#936=ORIENTED_EDGE('',*,*,#1346,.F.);
#937=ORIENTED_EDGE('',*,*,#1326,.F.);
#938=ORIENTED_EDGE('',*,*,#1346,.T.);
#939=ORIENTED_EDGE('',*,*,#1345,.T.);
#940=ORIENTED_EDGE('',*,*,#1347,.F.);
#941=ORIENTED_EDGE('',*,*,#1347,.T.);
#942=ORIENTED_EDGE('',*,*,#1328,.F.);
#943=ORIENTED_EDGE('',*,*,#1253,.F.);
#944=ORIENTED_EDGE('',*,*,#1327,.F.);
#945=ORIENTED_EDGE('',*,*,#1191,.F.);
#946=ORIENTED_EDGE('',*,*,#1120,.F.);
#947=ORIENTED_EDGE('',*,*,#1348,.F.);
#948=ORIENTED_EDGE('',*,*,#1123,.F.);
#949=ORIENTED_EDGE('',*,*,#1183,.F.);
#950=ORIENTED_EDGE('',*,*,#1124,.F.);
#951=ORIENTED_EDGE('',*,*,#1349,.F.);
#952=ORIENTED_EDGE('',*,*,#1283,.F.);
#953=ORIENTED_EDGE('',*,*,#1349,.T.);
#954=ORIENTED_EDGE('',*,*,#1348,.T.);
#955=ORIENTED_EDGE('',*,*,#1350,.F.);
#956=ORIENTED_EDGE('',*,*,#1116,.F.);
#957=ORIENTED_EDGE('',*,*,#1284,.T.);
#958=ORIENTED_EDGE('',*,*,#1350,.T.);
#959=ORIENTED_EDGE('',*,*,#1119,.F.);
#960=EDGE_CURVE('',#1351,#1352,#1595,.T.);
#961=EDGE_CURVE('',#1351,#1353,#1596,.T.);
#962=EDGE_CURVE('',#1353,#1354,#1597,.T.);
#963=EDGE_CURVE('',#1352,#1354,#1598,.T.);
#964=EDGE_CURVE('',#1355,#1356,#1599,.T.);
#965=EDGE_CURVE('',#1355,#1357,#1600,.T.);
#966=EDGE_CURVE('',#1357,#1358,#1601,.T.);
#967=EDGE_CURVE('',#1358,#1356,#1602,.F.);
#968=EDGE_CURVE('',#1357,#1359,#44,.T.);
#969=EDGE_CURVE('',#1359,#1360,#1603,.T.);
#970=EDGE_CURVE('',#1360,#1358,#45,.F.);
#971=EDGE_CURVE('',#1359,#1361,#1604,.T.);
#972=EDGE_CURVE('',#1361,#1362,#1605,.T.);
#973=EDGE_CURVE('',#1362,#1360,#1606,.F.);
#974=EDGE_CURVE('',#1363,#1364,#1607,.F.);
#975=EDGE_CURVE('',#1364,#1365,#1608,.T.);
#976=EDGE_CURVE('',#1365,#1366,#1609,.T.);
#977=EDGE_CURVE('',#1366,#1363,#1610,.T.);
#978=EDGE_CURVE('',#1366,#1367,#46,.T.);
#979=EDGE_CURVE('',#1367,#1368,#1611,.T.);
#980=EDGE_CURVE('',#1368,#1363,#47,.T.);
#981=EDGE_CURVE('',#1367,#1369,#1612,.T.);
#982=EDGE_CURVE('',#1369,#1370,#1613,.T.);
#983=EDGE_CURVE('',#1370,#1368,#1614,.F.);
#984=EDGE_CURVE('',#1369,#1371,#48,.T.);
#985=EDGE_CURVE('',#1371,#1372,#1615,.T.);
#986=EDGE_CURVE('',#1372,#1370,#49,.T.);
#987=EDGE_CURVE('',#1371,#1373,#1616,.T.);
#988=EDGE_CURVE('',#1373,#1374,#1617,.T.);
#989=EDGE_CURVE('',#1374,#1372,#1618,.F.);
#990=EDGE_CURVE('',#1373,#1355,#50,.T.);
#991=EDGE_CURVE('',#1356,#1374,#51,.T.);
#992=EDGE_CURVE('',#1375,#1376,#1619,.F.);
#993=EDGE_CURVE('',#1376,#1377,#1620,.T.);
#994=EDGE_CURVE('',#1377,#1378,#1621,.F.);
#995=EDGE_CURVE('',#1378,#1379,#52,.F.);
#996=EDGE_CURVE('',#1379,#1380,#1622,.F.);
#997=EDGE_CURVE('',#1380,#1381,#1623,.F.);
#998=EDGE_CURVE('',#1381,#1375,#1624,.F.);
#999=EDGE_CURVE('',#1382,#1383,#1625,.T.);
#1000=EDGE_CURVE('',#1383,#1384,#1626,.T.);
#1001=EDGE_CURVE('',#1384,#1385,#1627,.T.);
#1002=EDGE_CURVE('',#1385,#1386,#1628,.T.);
#1003=EDGE_CURVE('',#1386,#1387,#1629,.T.);
#1004=EDGE_CURVE('',#1387,#1388,#1630,.T.);
#1005=EDGE_CURVE('',#1388,#1382,#53,.T.);
#1006=EDGE_CURVE('',#1385,#1363,#32,.T.);
#1007=EDGE_CURVE('',#1384,#1364,#54,.T.);
#1008=EDGE_CURVE('',#1385,#1368,#33,.T.);
#1009=EDGE_CURVE('',#1386,#1370,#34,.T.);
#1010=EDGE_CURVE('',#1386,#1372,#35,.T.);
#1011=EDGE_CURVE('',#1387,#1374,#36,.T.);
#1012=EDGE_CURVE('',#1387,#1356,#37,.T.);
#1013=EDGE_CURVE('',#1388,#1358,#55,.T.);
#1014=EDGE_CURVE('',#1382,#1360,#56,.T.);
#1015=EDGE_CURVE('',#1362,#1383,#57,.T.);
#1016=EDGE_CURVE('',#1366,#1375,#38,.F.);
#1017=EDGE_CURVE('',#1365,#1376,#58,.T.);
#1018=EDGE_CURVE('',#1367,#1375,#39,.F.);
#1019=EDGE_CURVE('',#1369,#1381,#40,.F.);
#1020=EDGE_CURVE('',#1371,#1381,#41,.F.);
#1021=EDGE_CURVE('',#1373,#1380,#42,.F.);
#1022=EDGE_CURVE('',#1355,#1380,#43,.F.);
#1023=EDGE_CURVE('',#1357,#1379,#59,.T.);
#1024=EDGE_CURVE('',#1359,#1378,#60,.T.);
#1025=EDGE_CURVE('',#1377,#1361,#61,.T.);
#1026=EDGE_CURVE('',#1389,#1390,#1631,.T.);
#1027=EDGE_CURVE('',#1391,#1390,#1632,.T.);
#1028=EDGE_CURVE('',#1392,#1391,#1633,.T.);
#1029=EDGE_CURVE('',#1389,#1392,#1634,.T.);
#1030=EDGE_CURVE('',#1393,#1394,#1635,.T.);
#1031=EDGE_CURVE('',#1390,#1394,#1636,.T.);
#1032=EDGE_CURVE('',#1393,#1389,#1637,.T.);
#1033=EDGE_CURVE('',#1395,#1396,#1638,.T.);
#1034=EDGE_CURVE('',#1394,#1396,#1639,.T.);
#1035=EDGE_CURVE('',#1395,#1393,#1640,.T.);
#1036=EDGE_CURVE('',#1396,#1391,#1641,.T.);
#1037=EDGE_CURVE('',#1392,#1395,#1642,.T.);
#1038=EDGE_CURVE('',#1397,#1398,#1643,.T.);
#1039=EDGE_CURVE('',#1399,#1398,#1644,.T.);
#1040=EDGE_CURVE('',#1400,#1399,#1645,.T.);
#1041=EDGE_CURVE('',#1400,#1397,#1646,.T.);
#1042=EDGE_CURVE('',#1401,#1402,#1647,.T.);
#1043=EDGE_CURVE('',#1403,#1402,#1648,.T.);
#1044=EDGE_CURVE('',#1404,#1403,#1649,.T.);
#1045=EDGE_CURVE('',#1404,#1401,#1650,.T.);
#1046=EDGE_CURVE('',#1405,#1406,#1651,.T.);
#1047=EDGE_CURVE('',#1407,#1406,#1652,.T.);
#1048=EDGE_CURVE('',#1408,#1407,#1653,.T.);
#1049=EDGE_CURVE('',#1408,#1405,#1654,.T.);
#1050=EDGE_CURVE('',#1409,#1410,#1655,.T.);
#1051=EDGE_CURVE('',#1409,#1411,#1656,.F.);
#1052=EDGE_CURVE('',#1412,#1411,#1657,.T.);
#1053=EDGE_CURVE('',#1410,#1412,#1658,.T.);
#1054=EDGE_CURVE('',#1413,#1414,#1659,.T.);
#1055=EDGE_CURVE('',#1413,#1415,#1660,.F.);
#1056=EDGE_CURVE('',#1416,#1415,#1661,.T.);
#1057=EDGE_CURVE('',#1414,#1416,#1662,.T.);
#1058=EDGE_CURVE('',#1417,#1418,#62,.F.);
#1059=EDGE_CURVE('',#1419,#1417,#1663,.F.);
#1060=EDGE_CURVE('',#1420,#1419,#63,.F.);
#1061=EDGE_CURVE('',#1418,#1420,#1664,.T.);
#1062=EDGE_CURVE('',#1421,#1419,#1665,.T.);
#1063=EDGE_CURVE('',#1421,#1422,#1666,.F.);
#1064=EDGE_CURVE('',#1422,#1423,#1667,.T.);
#1065=EDGE_CURVE('',#1423,#1424,#64,.T.);
#1066=EDGE_CURVE('',#1425,#1424,#1668,.T.);
#1067=EDGE_CURVE('',#1425,#1426,#1669,.T.);
#1068=EDGE_CURVE('',#1426,#1420,#1670,.T.);
#1069=EDGE_CURVE('',#1422,#1427,#65,.F.);
#1070=EDGE_CURVE('',#1428,#1421,#66,.T.);
#1071=EDGE_CURVE('',#1427,#1428,#1671,.T.);
#1072=EDGE_CURVE('',#1429,#1430,#1672,.T.);
#1073=EDGE_CURVE('',#1431,#1429,#1673,.T.);
#1074=EDGE_CURVE('',#1431,#1432,#67,.F.);
#1075=EDGE_CURVE('',#1432,#1427,#1674,.T.);
#1076=EDGE_CURVE('',#1430,#1428,#1675,.T.);
#1077=EDGE_CURVE('',#1411,#1433,#68,.T.);
#1078=EDGE_CURVE('',#1434,#1409,#69,.T.);
#1079=EDGE_CURVE('',#1433,#1434,#1676,.T.);
#1080=EDGE_CURVE('',#1435,#1404,#1677,.T.);
#1081=EDGE_CURVE('',#1403,#1436,#1678,.T.);
#1082=EDGE_CURVE('',#1436,#1435,#1679,.T.);
#1083=EDGE_CURVE('',#1399,#1437,#1680,.T.);
#1084=EDGE_CURVE('',#1437,#1438,#1681,.T.);
#1085=EDGE_CURVE('',#1438,#1400,#1682,.T.);
#1086=EDGE_CURVE('',#1407,#1439,#1683,.T.);
#1087=EDGE_CURVE('',#1439,#1440,#1684,.T.);
#1088=EDGE_CURVE('',#1440,#1408,#1685,.T.);
#1089=EDGE_CURVE('',#1441,#1405,#1686,.T.);
#1090=EDGE_CURVE('',#1442,#1441,#1687,.T.);
#1091=EDGE_CURVE('',#1406,#1442,#1688,.T.);
#1092=EDGE_CURVE('',#1443,#1442,#1689,.T.);
#1093=EDGE_CURVE('',#1439,#1443,#1690,.T.);
#1094=EDGE_CURVE('',#1444,#1397,#1691,.T.);
#1095=EDGE_CURVE('',#1438,#1445,#1692,.T.);
#1096=EDGE_CURVE('',#1445,#1444,#1693,.T.);
#1097=EDGE_CURVE('',#1446,#1444,#1694,.T.);
#1098=EDGE_CURVE('',#1398,#1446,#1695,.T.);
#1099=EDGE_CURVE('',#1447,#1446,#1696,.T.);
#1100=EDGE_CURVE('',#1437,#1447,#1697,.T.);
#1101=EDGE_CURVE('',#1448,#1401,#1698,.T.);
#1102=EDGE_CURVE('',#1435,#1449,#1699,.T.);
#1103=EDGE_CURVE('',#1449,#1448,#1700,.T.);
#1104=EDGE_CURVE('',#1450,#1448,#1701,.T.);
#1105=EDGE_CURVE('',#1402,#1450,#1702,.T.);
#1106=EDGE_CURVE('',#1451,#1450,#1703,.T.);
#1107=EDGE_CURVE('',#1436,#1451,#1704,.T.);
#1108=EDGE_CURVE('',#1432,#1452,#1705,.T.);
#1109=EDGE_CURVE('',#1452,#1423,#1706,.F.);
#1110=EDGE_CURVE('',#1424,#1453,#1707,.T.);
#1111=EDGE_CURVE('',#1453,#1454,#1708,.T.);
#1112=EDGE_CURVE('',#1454,#1425,#1709,.T.);
#1113=EDGE_CURVE('',#1352,#1426,#1710,.T.);
#1114=EDGE_CURVE('',#1454,#1351,#70,.T.);
#1115=EDGE_CURVE('',#1455,#1354,#1711,.T.);
#1116=EDGE_CURVE('',#1353,#1456,#71,.T.);
#1117=EDGE_CURVE('',#1457,#1456,#1712,.T.);
#1118=EDGE_CURVE('',#1457,#1455,#1713,.T.);
#1119=EDGE_CURVE('',#1456,#1458,#1714,.T.);
#1120=EDGE_CURVE('',#1458,#1459,#1715,.F.);
#1121=EDGE_CURVE('',#1459,#1457,#1716,.T.);
#1122=EDGE_CURVE('',#1460,#1461,#1717,.T.);
#1123=EDGE_CURVE('',#1461,#1462,#1718,.T.);
#1124=EDGE_CURVE('',#1462,#1463,#1719,.T.);
#1125=EDGE_CURVE('',#1463,#1464,#1720,.T.);
#1126=EDGE_CURVE('',#1464,#1460,#72,.T.);
#1127=EDGE_CURVE('',#1440,#1465,#1721,.T.);
#1128=EDGE_CURVE('',#1465,#1441,#1722,.T.);
#1129=EDGE_CURVE('',#1466,#1467,#1723,.T.);
#1130=EDGE_CURVE('',#1414,#1466,#1724,.T.);
#1131=EDGE_CURVE('',#1416,#1467,#1725,.T.);
#1132=EDGE_CURVE('',#1468,#1469,#73,.T.);
#1133=EDGE_CURVE('',#1470,#1469,#1726,.T.);
#1134=EDGE_CURVE('',#1471,#1470,#74,.T.);
#1135=EDGE_CURVE('',#1471,#1468,#1727,.T.);
#1136=EDGE_CURVE('',#1472,#1468,#1728,.T.);
#1137=EDGE_CURVE('',#1473,#1471,#1729,.T.);
#1138=EDGE_CURVE('',#1473,#1472,#1730,.T.);
#1139=EDGE_CURVE('',#1474,#1472,#75,.T.);
#1140=EDGE_CURVE('',#1475,#1473,#76,.T.);
#1141=EDGE_CURVE('',#1475,#1474,#1731,.T.);
#1142=EDGE_CURVE('',#1476,#1474,#1732,.T.);
#1143=EDGE_CURVE('',#1477,#1475,#1733,.T.);
#1144=EDGE_CURVE('',#1477,#1476,#1734,.T.);
#1145=EDGE_CURVE('',#1478,#1476,#77,.T.);
#1146=EDGE_CURVE('',#1479,#1477,#78,.T.);
#1147=EDGE_CURVE('',#1479,#1478,#1735,.T.);
#1148=EDGE_CURVE('',#1480,#1478,#1736,.T.);
#1149=EDGE_CURVE('',#1481,#1479,#1737,.T.);
#1150=EDGE_CURVE('',#1481,#1480,#1738,.T.);
#1151=EDGE_CURVE('',#1482,#1480,#79,.T.);
#1152=EDGE_CURVE('',#1483,#1481,#80,.T.);
#1153=EDGE_CURVE('',#1483,#1482,#1739,.T.);
#1154=EDGE_CURVE('',#1484,#1482,#1740,.T.);
#1155=EDGE_CURVE('',#1485,#1483,#1741,.T.);
#1156=EDGE_CURVE('',#1485,#1484,#1742,.T.);
#1157=EDGE_CURVE('',#1486,#1484,#81,.T.);
#1158=EDGE_CURVE('',#1487,#1485,#82,.T.);
#1159=EDGE_CURVE('',#1487,#1486,#1743,.T.);
#1160=EDGE_CURVE('',#1488,#1486,#1744,.T.);
#1161=EDGE_CURVE('',#1489,#1487,#1745,.T.);
#1162=EDGE_CURVE('',#1489,#1488,#1746,.T.);
#1163=EDGE_CURVE('',#1490,#1488,#83,.T.);
#1164=EDGE_CURVE('',#1491,#1489,#84,.T.);
#1165=EDGE_CURVE('',#1491,#1490,#1747,.T.);
#1166=EDGE_CURVE('',#1492,#1469,#1748,.T.);
#1167=EDGE_CURVE('',#1492,#1493,#85,.T.);
#1168=EDGE_CURVE('',#1493,#1494,#1749,.T.);
#1169=EDGE_CURVE('',#1494,#1495,#1750,.T.);
#1170=EDGE_CURVE('',#1496,#1495,#1751,.T.);
#1171=EDGE_CURVE('',#1470,#1496,#1752,.T.);
#1172=EDGE_CURVE('',#1497,#1498,#1753,.T.);
#1173=EDGE_CURVE('',#1410,#1497,#1754,.T.);
#1174=EDGE_CURVE('',#1412,#1498,#1755,.T.);
#1175=EDGE_CURVE('',#1497,#1499,#1756,.T.);
#1176=EDGE_CURVE('',#1499,#1429,#1757,.T.);
#1177=EDGE_CURVE('',#1430,#1434,#1758,.T.);
#1178=EDGE_CURVE('',#1500,#1498,#1759,.T.);
#1179=EDGE_CURVE('',#1433,#1490,#1760,.T.);
#1180=EDGE_CURVE('',#1500,#1491,#1761,.T.);
#1181=EDGE_CURVE('',#1501,#1502,#1762,.T.);
#1182=EDGE_CURVE('',#1502,#1464,#1763,.F.);
#1183=EDGE_CURVE('',#1463,#1503,#86,.T.);
#1184=EDGE_CURVE('',#1504,#1503,#1764,.T.);
#1185=EDGE_CURVE('',#1504,#1501,#1765,.T.);
#1186=EDGE_CURVE('',#1505,#1502,#87,.T.);
#1187=EDGE_CURVE('',#1460,#1505,#1766,.T.);
#1188=EDGE_CURVE('',#1505,#1506,#1767,.T.);
#1189=EDGE_CURVE('',#1506,#1507,#88,.F.);
#1190=EDGE_CURVE('',#1507,#1455,#1768,.T.);
#1191=EDGE_CURVE('',#1459,#1461,#89,.T.);
#1192=EDGE_CURVE('',#1508,#1509,#1769,.T.);
#1193=EDGE_CURVE('',#1510,#1509,#1770,.T.);
#1194=EDGE_CURVE('',#1510,#1511,#1771,.T.);
#1195=EDGE_CURVE('',#1511,#1512,#90,.F.);
#1196=EDGE_CURVE('',#1512,#1513,#1772,.T.);
#1197=EDGE_CURVE('',#1514,#1513,#1773,.T.);
#1198=EDGE_CURVE('',#1514,#1508,#1774,.T.);
#1199=EDGE_CURVE('',#1515,#1513,#91,.T.);
#1200=EDGE_CURVE('',#1516,#1515,#1775,.T.);
#1201=EDGE_CURVE('',#1516,#1514,#92,.T.);
#1202=EDGE_CURVE('',#1517,#1515,#1776,.T.);
#1203=EDGE_CURVE('',#1518,#1517,#1777,.T.);
#1204=EDGE_CURVE('',#1518,#1516,#1778,.T.);
#1205=EDGE_CURVE('',#1519,#1517,#93,.T.);
#1206=EDGE_CURVE('',#1520,#1519,#1779,.T.);
#1207=EDGE_CURVE('',#1520,#1518,#94,.T.);
#1208=EDGE_CURVE('',#1521,#1519,#1780,.T.);
#1209=EDGE_CURVE('',#1522,#1521,#1781,.T.);
#1210=EDGE_CURVE('',#1522,#1520,#1782,.T.);
#1211=EDGE_CURVE('',#1523,#1521,#95,.T.);
#1212=EDGE_CURVE('',#1524,#1523,#1783,.T.);
#1213=EDGE_CURVE('',#1524,#1522,#96,.T.);
#1214=EDGE_CURVE('',#1525,#1523,#1784,.T.);
#1215=EDGE_CURVE('',#1526,#1525,#1785,.T.);
#1216=EDGE_CURVE('',#1526,#1524,#1786,.T.);
#1217=EDGE_CURVE('',#1527,#1525,#97,.T.);
#1218=EDGE_CURVE('',#1528,#1527,#1787,.T.);
#1219=EDGE_CURVE('',#1528,#1526,#98,.T.);
#1220=EDGE_CURVE('',#1529,#1527,#1788,.T.);
#1221=EDGE_CURVE('',#1530,#1529,#1789,.T.);
#1222=EDGE_CURVE('',#1530,#1528,#1790,.T.);
#1223=EDGE_CURVE('',#1531,#1529,#99,.T.);
#1224=EDGE_CURVE('',#1532,#1531,#1791,.T.);
#1225=EDGE_CURVE('',#1532,#1530,#100,.T.);
#1226=EDGE_CURVE('',#1533,#1531,#1792,.T.);
#1227=EDGE_CURVE('',#1534,#1533,#1793,.T.);
#1228=EDGE_CURVE('',#1534,#1532,#1794,.T.);
#1229=EDGE_CURVE('',#1535,#1533,#101,.T.);
#1230=EDGE_CURVE('',#1536,#1535,#1795,.T.);
#1231=EDGE_CURVE('',#1536,#1534,#102,.T.);
#1232=EDGE_CURVE('',#1537,#1535,#1796,.T.);
#1233=EDGE_CURVE('',#1537,#1413,#103,.F.);
#1234=EDGE_CURVE('',#1538,#1466,#1797,.T.);
#1235=EDGE_CURVE('',#1538,#1536,#1798,.T.);
#1236=EDGE_CURVE('',#1415,#1539,#104,.T.);
#1237=EDGE_CURVE('',#1539,#1537,#1799,.T.);
#1238=EDGE_CURVE('',#1504,#1540,#1800,.T.);
#1239=EDGE_CURVE('',#1540,#1467,#1801,.T.);
#1240=EDGE_CURVE('',#1501,#1539,#1802,.T.);
#1241=EDGE_CURVE('',#1541,#1506,#1803,.F.);
#1242=EDGE_CURVE('',#1542,#1541,#105,.F.);
#1243=EDGE_CURVE('',#1507,#1542,#1804,.T.);
#1244=EDGE_CURVE('',#1418,#1543,#1805,.T.);
#1245=EDGE_CURVE('',#1544,#1542,#1806,.T.);
#1246=EDGE_CURVE('',#1545,#1544,#1807,.T.);
#1247=EDGE_CURVE('',#1545,#1546,#1808,.T.);
#1248=EDGE_CURVE('',#1543,#1546,#1809,.T.);
#1249=EDGE_CURVE('',#1547,#1548,#1810,.T.);
#1250=EDGE_CURVE('',#1547,#1546,#1811,.T.);
#1251=EDGE_CURVE('',#1548,#1545,#1812,.T.);
#1252=EDGE_CURVE('',#1549,#1550,#1813,.T.);
#1253=EDGE_CURVE('',#1549,#1551,#106,.T.);
#1254=EDGE_CURVE('',#1551,#1552,#1814,.T.);
#1255=EDGE_CURVE('',#1552,#1553,#1815,.T.);
#1256=EDGE_CURVE('',#1553,#1417,#1816,.T.);
#1257=EDGE_CURVE('',#1550,#1543,#1817,.T.);
#1258=EDGE_CURVE('',#1554,#1552,#107,.F.);
#1259=EDGE_CURVE('',#1555,#1554,#1818,.F.);
#1260=EDGE_CURVE('',#1553,#1555,#108,.T.);
#1261=EDGE_CURVE('',#1554,#1556,#1819,.T.);
#1262=EDGE_CURVE('',#1556,#1557,#109,.F.);
#1263=EDGE_CURVE('',#1558,#1557,#1820,.T.);
#1264=EDGE_CURVE('',#1558,#1559,#1821,.T.);
#1265=EDGE_CURVE('',#1555,#1559,#1822,.T.);
#1266=EDGE_CURVE('',#1560,#1559,#1823,.T.);
#1267=EDGE_CURVE('',#1560,#1492,#1824,.T.);
#1268=EDGE_CURVE('',#1561,#1560,#110,.F.);
#1269=EDGE_CURVE('',#1493,#1561,#1825,.F.);
#1270=EDGE_CURVE('',#1562,#1561,#1826,.T.);
#1271=EDGE_CURVE('',#1494,#1562,#1827,.T.);
#1272=EDGE_CURVE('',#1495,#1563,#1828,.T.);
#1273=EDGE_CURVE('',#1562,#1563,#1829,.T.);
#1274=EDGE_CURVE('',#1451,#1449,#1830,.T.);
#1275=EDGE_CURVE('',#1447,#1445,#1831,.T.);
#1276=EDGE_CURVE('',#1443,#1465,#1832,.T.);
#1277=EDGE_CURVE('',#1564,#1351,#1833,.T.);
#1278=EDGE_CURVE('',#1564,#1431,#1834,.F.);
#1279=EDGE_CURVE('',#1499,#1451,#1835,.T.);
#1280=EDGE_CURVE('',#1449,#1447,#1836,.T.);
#1281=EDGE_CURVE('',#1445,#1443,#1837,.T.);
#1282=EDGE_CURVE('',#1465,#1540,#1838,.T.);
#1283=EDGE_CURVE('',#1503,#1565,#1839,.F.);
#1284=EDGE_CURVE('',#1353,#1565,#1840,.T.);
#1285=EDGE_CURVE('',#1540,#1538,#1841,.T.);
#1286=EDGE_CURVE('',#1538,#1508,#1842,.T.);
#1287=EDGE_CURVE('',#1566,#1563,#1843,.T.);
#1288=EDGE_CURVE('',#1566,#1496,#1844,.T.);
#1289=EDGE_CURVE('',#1496,#1500,#1845,.T.);
#1290=EDGE_CURVE('',#1500,#1499,#1846,.T.);
#1291=EDGE_CURVE('',#1508,#1567,#1847,.T.);
#1292=EDGE_CURVE('',#1568,#1567,#1848,.T.);
#1293=EDGE_CURVE('',#1568,#1509,#1849,.T.);
#1294=EDGE_CURVE('',#1569,#1568,#1850,.T.);
#1295=EDGE_CURVE('',#1569,#1510,#1851,.T.);
#1296=EDGE_CURVE('',#1570,#1569,#1852,.T.);
#1297=EDGE_CURVE('',#1570,#1511,#1853,.F.);
#1298=EDGE_CURVE('',#1571,#1570,#111,.F.);
#1299=EDGE_CURVE('',#1512,#1571,#1854,.T.);
#1300=EDGE_CURVE('',#1572,#1571,#1855,.T.);
#1301=EDGE_CURVE('',#1573,#1572,#1856,.T.);
#1302=EDGE_CURVE('',#1573,#1574,#112,.T.);
#1303=EDGE_CURVE('',#1574,#1541,#1857,.T.);
#1304=EDGE_CURVE('',#1575,#1576,#113,.T.);
#1305=EDGE_CURVE('',#1574,#1575,#1858,.F.);
#1306=EDGE_CURVE('',#1576,#1573,#1859,.T.);
#1307=EDGE_CURVE('',#1577,#1575,#1860,.T.);
#1308=EDGE_CURVE('',#1577,#1578,#114,.T.);
#1309=EDGE_CURVE('',#1579,#1578,#1861,.T.);
#1310=EDGE_CURVE('',#1579,#1544,#1862,.T.);
#1311=EDGE_CURVE('',#1580,#1572,#1863,.T.);
#1312=EDGE_CURVE('',#1581,#1580,#1864,.T.);
#1313=EDGE_CURVE('',#1581,#1582,#115,.T.);
#1314=EDGE_CURVE('',#1576,#1582,#1865,.T.);
#1315=EDGE_CURVE('',#1578,#1583,#1866,.F.);
#1316=EDGE_CURVE('',#1583,#1584,#1867,.T.);
#1317=EDGE_CURVE('',#1584,#1579,#1868,.T.);
#1318=EDGE_CURVE('',#1584,#1585,#116,.T.);
#1319=EDGE_CURVE('',#1586,#1585,#1869,.T.);
#1320=EDGE_CURVE('',#1586,#1548,#1870,.T.);
#1321=EDGE_CURVE('',#1587,#1586,#1871,.T.);
#1322=EDGE_CURVE('',#1587,#1547,#1872,.T.);
#1323=EDGE_CURVE('',#1588,#1587,#1873,.T.);
#1324=EDGE_CURVE('',#1588,#1589,#117,.T.);
#1325=EDGE_CURVE('',#1550,#1589,#1874,.T.);
#1326=EDGE_CURVE('',#1589,#1590,#1875,.T.);
#1327=EDGE_CURVE('',#1590,#1549,#1876,.T.);
#1328=EDGE_CURVE('',#1551,#1591,#1877,.F.);
#1329=EDGE_CURVE('',#1591,#1556,#1878,.F.);
#1330=EDGE_CURVE('',#1566,#1558,#1879,.T.);
#1331=EDGE_CURVE('',#1567,#1566,#1880,.T.);
#1332=EDGE_CURVE('',#1580,#1567,#1881,.T.);
#1333=EDGE_CURVE('',#1582,#1592,#1882,.F.);
#1334=EDGE_CURVE('',#1592,#1577,#1883,.T.);
#1335=EDGE_CURVE('',#1557,#1593,#1884,.T.);
#1336=EDGE_CURVE('',#1593,#1588,#1885,.F.);
#1337=EDGE_CURVE('',#1585,#1594,#1886,.F.);
#1338=EDGE_CURVE('',#1594,#1581,#1887,.T.);
#1339=EDGE_CURVE('',#1594,#1583,#118,.T.);
#1340=EDGE_CURVE('',#1592,#1594,#119,.T.);
#1341=EDGE_CURVE('',#1592,#1583,#120,.F.);
#1342=EDGE_CURVE('',#1452,#1564,#121,.T.);
#1343=EDGE_CURVE('',#1453,#1452,#122,.T.);
#1344=EDGE_CURVE('',#1453,#1564,#123,.F.);
#1345=EDGE_CURVE('',#1593,#1591,#124,.T.);
#1346=EDGE_CURVE('',#1590,#1593,#125,.T.);
#1347=EDGE_CURVE('',#1590,#1591,#126,.F.);
#1348=EDGE_CURVE('',#1462,#1458,#127,.T.);
#1349=EDGE_CURVE('',#1565,#1462,#128,.T.);
#1350=EDGE_CURVE('',#1565,#1458,#129,.F.);
#1351=VERTEX_POINT('',#4820);
#1352=VERTEX_POINT('',#4821);
#1353=VERTEX_POINT('',#4823);
#1354=VERTEX_POINT('',#4825);
#1355=VERTEX_POINT('',#4829);
#1356=VERTEX_POINT('',#4830);
#1357=VERTEX_POINT('',#4832);
#1358=VERTEX_POINT('',#4834);
#1359=VERTEX_POINT('',#4838);
#1360=VERTEX_POINT('',#4840);
#1361=VERTEX_POINT('',#4844);
#1362=VERTEX_POINT('',#4846);
#1363=VERTEX_POINT('',#4850);
#1364=VERTEX_POINT('',#4851);
#1365=VERTEX_POINT('',#4853);
#1366=VERTEX_POINT('',#4855);
#1367=VERTEX_POINT('',#4859);
#1368=VERTEX_POINT('',#4861);
#1369=VERTEX_POINT('',#4865);
#1370=VERTEX_POINT('',#4867);
#1371=VERTEX_POINT('',#4871);
#1372=VERTEX_POINT('',#4873);
#1373=VERTEX_POINT('',#4877);
#1374=VERTEX_POINT('',#4879);
#1375=VERTEX_POINT('',#4886);
#1376=VERTEX_POINT('',#4887);
#1377=VERTEX_POINT('',#4889);
#1378=VERTEX_POINT('',#4891);
#1379=VERTEX_POINT('',#4893);
#1380=VERTEX_POINT('',#4895);
#1381=VERTEX_POINT('',#4897);
#1382=VERTEX_POINT('',#4901);
#1383=VERTEX_POINT('',#4902);
#1384=VERTEX_POINT('',#4904);
#1385=VERTEX_POINT('',#4906);
#1386=VERTEX_POINT('',#4908);
#1387=VERTEX_POINT('',#4910);
#1388=VERTEX_POINT('',#4912);
#1389=VERTEX_POINT('',#5020);
#1390=VERTEX_POINT('',#5021);
#1391=VERTEX_POINT('',#5023);
#1392=VERTEX_POINT('',#5025);
#1393=VERTEX_POINT('',#5029);
#1394=VERTEX_POINT('',#5030);
#1395=VERTEX_POINT('',#5035);
#1396=VERTEX_POINT('',#5036);
#1397=VERTEX_POINT('',#5045);
#1398=VERTEX_POINT('',#5046);
#1399=VERTEX_POINT('',#5048);
#1400=VERTEX_POINT('',#5050);
#1401=VERTEX_POINT('',#5054);
#1402=VERTEX_POINT('',#5055);
#1403=VERTEX_POINT('',#5057);
#1404=VERTEX_POINT('',#5059);
#1405=VERTEX_POINT('',#5063);
#1406=VERTEX_POINT('',#5064);
#1407=VERTEX_POINT('',#5066);
#1408=VERTEX_POINT('',#5068);
#1409=VERTEX_POINT('',#5072);
#1410=VERTEX_POINT('',#5073);
#1411=VERTEX_POINT('',#5075);
#1412=VERTEX_POINT('',#5077);
#1413=VERTEX_POINT('',#5081);
#1414=VERTEX_POINT('',#5082);
#1415=VERTEX_POINT('',#5084);
#1416=VERTEX_POINT('',#5086);
#1417=VERTEX_POINT('',#5090);
#1418=VERTEX_POINT('',#5091);
#1419=VERTEX_POINT('',#5093);
#1420=VERTEX_POINT('',#5095);
#1421=VERTEX_POINT('',#5099);
#1422=VERTEX_POINT('',#5101);
#1423=VERTEX_POINT('',#5103);
#1424=VERTEX_POINT('',#5105);
#1425=VERTEX_POINT('',#5107);
#1426=VERTEX_POINT('',#5109);
#1427=VERTEX_POINT('',#5113);
#1428=VERTEX_POINT('',#5115);
#1429=VERTEX_POINT('',#5119);
#1430=VERTEX_POINT('',#5120);
#1431=VERTEX_POINT('',#5122);
#1432=VERTEX_POINT('',#5124);
#1433=VERTEX_POINT('',#5129);
#1434=VERTEX_POINT('',#5131);
#1435=VERTEX_POINT('',#5135);
#1436=VERTEX_POINT('',#5137);
#1437=VERTEX_POINT('',#5141);
#1438=VERTEX_POINT('',#5143);
#1439=VERTEX_POINT('',#5147);
#1440=VERTEX_POINT('',#5149);
#1441=VERTEX_POINT('',#5153);
#1442=VERTEX_POINT('',#5155);
#1443=VERTEX_POINT('',#5159);
#1444=VERTEX_POINT('',#5163);
#1445=VERTEX_POINT('',#5165);
#1446=VERTEX_POINT('',#5169);
#1447=VERTEX_POINT('',#5173);
#1448=VERTEX_POINT('',#5177);
#1449=VERTEX_POINT('',#5179);
#1450=VERTEX_POINT('',#5183);
#1451=VERTEX_POINT('',#5187);
#1452=VERTEX_POINT('',#5191);
#1453=VERTEX_POINT('',#5195);
#1454=VERTEX_POINT('',#5197);
#1455=VERTEX_POINT('',#5204);
#1456=VERTEX_POINT('',#5206);
#1457=VERTEX_POINT('',#5208);
#1458=VERTEX_POINT('',#5212);
#1459=VERTEX_POINT('',#5214);
#1460=VERTEX_POINT('',#5218);
#1461=VERTEX_POINT('',#5219);
#1462=VERTEX_POINT('',#5221);
#1463=VERTEX_POINT('',#5223);
#1464=VERTEX_POINT('',#5225);
#1465=VERTEX_POINT('',#5229);
#1466=VERTEX_POINT('',#5233);
#1467=VERTEX_POINT('',#5234);
#1468=VERTEX_POINT('',#5239);
#1469=VERTEX_POINT('',#5240);
#1470=VERTEX_POINT('',#5242);
#1471=VERTEX_POINT('',#5244);
#1472=VERTEX_POINT('',#5248);
#1473=VERTEX_POINT('',#5250);
#1474=VERTEX_POINT('',#5254);
#1475=VERTEX_POINT('',#5256);
#1476=VERTEX_POINT('',#5260);
#1477=VERTEX_POINT('',#5262);
#1478=VERTEX_POINT('',#5266);
#1479=VERTEX_POINT('',#5268);
#1480=VERTEX_POINT('',#5272);
#1481=VERTEX_POINT('',#5274);
#1482=VERTEX_POINT('',#5278);
#1483=VERTEX_POINT('',#5280);
#1484=VERTEX_POINT('',#5284);
#1485=VERTEX_POINT('',#5286);
#1486=VERTEX_POINT('',#5290);
#1487=VERTEX_POINT('',#5292);
#1488=VERTEX_POINT('',#5296);
#1489=VERTEX_POINT('',#5298);
#1490=VERTEX_POINT('',#5302);
#1491=VERTEX_POINT('',#5304);
#1492=VERTEX_POINT('',#5308);
#1493=VERTEX_POINT('',#5310);
#1494=VERTEX_POINT('',#5312);
#1495=VERTEX_POINT('',#5314);
#1496=VERTEX_POINT('',#5316);
#1497=VERTEX_POINT('',#5320);
#1498=VERTEX_POINT('',#5321);
#1499=VERTEX_POINT('',#5326);
#1500=VERTEX_POINT('',#5331);
#1501=VERTEX_POINT('',#5336);
#1502=VERTEX_POINT('',#5337);
#1503=VERTEX_POINT('',#5340);
#1504=VERTEX_POINT('',#5342);
#1505=VERTEX_POINT('',#5346);
#1506=VERTEX_POINT('',#5350);
#1507=VERTEX_POINT('',#5352);
#1508=VERTEX_POINT('',#5357);
#1509=VERTEX_POINT('',#5358);
#1510=VERTEX_POINT('',#5360);
#1511=VERTEX_POINT('',#5362);
#1512=VERTEX_POINT('',#5364);
#1513=VERTEX_POINT('',#5366);
#1514=VERTEX_POINT('',#5368);
#1515=VERTEX_POINT('',#5372);
#1516=VERTEX_POINT('',#5374);
#1517=VERTEX_POINT('',#5378);
#1518=VERTEX_POINT('',#5380);
#1519=VERTEX_POINT('',#5384);
#1520=VERTEX_POINT('',#5386);
#1521=VERTEX_POINT('',#5390);
#1522=VERTEX_POINT('',#5392);
#1523=VERTEX_POINT('',#5396);
#1524=VERTEX_POINT('',#5398);
#1525=VERTEX_POINT('',#5402);
#1526=VERTEX_POINT('',#5404);
#1527=VERTEX_POINT('',#5408);
#1528=VERTEX_POINT('',#5410);
#1529=VERTEX_POINT('',#5414);
#1530=VERTEX_POINT('',#5416);
#1531=VERTEX_POINT('',#5420);
#1532=VERTEX_POINT('',#5422);
#1533=VERTEX_POINT('',#5426);
#1534=VERTEX_POINT('',#5428);
#1535=VERTEX_POINT('',#5432);
#1536=VERTEX_POINT('',#5434);
#1537=VERTEX_POINT('',#5438);
#1538=VERTEX_POINT('',#5441);
#1539=VERTEX_POINT('',#5445);
#1540=VERTEX_POINT('',#5449);
#1541=VERTEX_POINT('',#5454);
#1542=VERTEX_POINT('',#5456);
#1543=VERTEX_POINT('',#5460);
#1544=VERTEX_POINT('',#5462);
#1545=VERTEX_POINT('',#5464);
#1546=VERTEX_POINT('',#5466);
#1547=VERTEX_POINT('',#5470);
#1548=VERTEX_POINT('',#5471);
#1549=VERTEX_POINT('',#5476);
#1550=VERTEX_POINT('',#5477);
#1551=VERTEX_POINT('',#5479);
#1552=VERTEX_POINT('',#5481);
#1553=VERTEX_POINT('',#5483);
#1554=VERTEX_POINT('',#5488);
#1555=VERTEX_POINT('',#5490);
#1556=VERTEX_POINT('',#5494);
#1557=VERTEX_POINT('',#5496);
#1558=VERTEX_POINT('',#5498);
#1559=VERTEX_POINT('',#5500);
#1560=VERTEX_POINT('',#5504);
#1561=VERTEX_POINT('',#5508);
#1562=VERTEX_POINT('',#5512);
#1563=VERTEX_POINT('',#5516);
#1564=VERTEX_POINT('',#5526);
#1565=VERTEX_POINT('',#5533);
#1566=VERTEX_POINT('',#5541);
#1567=VERTEX_POINT('',#5549);
#1568=VERTEX_POINT('',#5551);
#1569=VERTEX_POINT('',#5555);
#1570=VERTEX_POINT('',#5559);
#1571=VERTEX_POINT('',#5563);
#1572=VERTEX_POINT('',#5567);
#1573=VERTEX_POINT('',#5569);
#1574=VERTEX_POINT('',#5571);
#1575=VERTEX_POINT('',#5575);
#1576=VERTEX_POINT('',#5576);
#1577=VERTEX_POINT('',#5581);
#1578=VERTEX_POINT('',#5583);
#1579=VERTEX_POINT('',#5585);
#1580=VERTEX_POINT('',#5589);
#1581=VERTEX_POINT('',#5591);
#1582=VERTEX_POINT('',#5593);
#1583=VERTEX_POINT('',#5597);
#1584=VERTEX_POINT('',#5599);
#1585=VERTEX_POINT('',#5603);
#1586=VERTEX_POINT('',#5605);
#1587=VERTEX_POINT('',#5609);
#1588=VERTEX_POINT('',#5613);
#1589=VERTEX_POINT('',#5615);
#1590=VERTEX_POINT('',#5619);
#1591=VERTEX_POINT('',#5623);
#1592=VERTEX_POINT('',#5633);
#1593=VERTEX_POINT('',#5637);
#1594=VERTEX_POINT('',#5640);
#1595=LINE('',#4819,#1888);
#1596=LINE('',#4822,#1889);
#1597=LINE('',#4824,#1890);
#1598=LINE('',#4826,#1891);
#1599=LINE('',#4828,#1892);
#1600=LINE('',#4831,#1893);
#1601=LINE('',#4833,#1894);
#1602=LINE('',#4835,#1895);
#1603=LINE('',#4839,#1896);
#1604=LINE('',#4843,#1897);
#1605=LINE('',#4845,#1898);
#1606=LINE('',#4847,#1899);
#1607=LINE('',#4849,#1900);
#1608=LINE('',#4852,#1901);
#1609=LINE('',#4854,#1902);
#1610=LINE('',#4856,#1903);
#1611=LINE('',#4860,#1904);
#1612=LINE('',#4864,#1905);
#1613=LINE('',#4866,#1906);
#1614=LINE('',#4868,#1907);
#1615=LINE('',#4872,#1908);
#1616=LINE('',#4876,#1909);
#1617=LINE('',#4878,#1910);
#1618=LINE('',#4880,#1911);
#1619=LINE('',#4885,#1912);
#1620=LINE('',#4888,#1913);
#1621=LINE('',#4890,#1914);
#1622=LINE('',#4894,#1915);
#1623=LINE('',#4896,#1916);
#1624=LINE('',#4898,#1917);
#1625=LINE('',#4900,#1918);
#1626=LINE('',#4903,#1919);
#1627=LINE('',#4905,#1920);
#1628=LINE('',#4907,#1921);
#1629=LINE('',#4909,#1922);
#1630=LINE('',#4911,#1923);
#1631=LINE('',#5019,#1924);
#1632=LINE('',#5022,#1925);
#1633=LINE('',#5024,#1926);
#1634=LINE('',#5026,#1927);
#1635=LINE('',#5028,#1928);
#1636=LINE('',#5031,#1929);
#1637=LINE('',#5032,#1930);
#1638=LINE('',#5034,#1931);
#1639=LINE('',#5037,#1932);
#1640=LINE('',#5038,#1933);
#1641=LINE('',#5040,#1934);
#1642=LINE('',#5041,#1935);
#1643=LINE('',#5044,#1936);
#1644=LINE('',#5047,#1937);
#1645=LINE('',#5049,#1938);
#1646=LINE('',#5051,#1939);
#1647=LINE('',#5053,#1940);
#1648=LINE('',#5056,#1941);
#1649=LINE('',#5058,#1942);
#1650=LINE('',#5060,#1943);
#1651=LINE('',#5062,#1944);
#1652=LINE('',#5065,#1945);
#1653=LINE('',#5067,#1946);
#1654=LINE('',#5069,#1947);
#1655=LINE('',#5071,#1948);
#1656=LINE('',#5074,#1949);
#1657=LINE('',#5076,#1950);
#1658=LINE('',#5078,#1951);
#1659=LINE('',#5080,#1952);
#1660=LINE('',#5083,#1953);
#1661=LINE('',#5085,#1954);
#1662=LINE('',#5087,#1955);
#1663=LINE('',#5092,#1956);
#1664=LINE('',#5096,#1957);
#1665=LINE('',#5098,#1958);
#1666=LINE('',#5100,#1959);
#1667=LINE('',#5102,#1960);
#1668=LINE('',#5106,#1961);
#1669=LINE('',#5108,#1962);
#1670=LINE('',#5110,#1963);
#1671=LINE('',#5116,#1964);
#1672=LINE('',#5118,#1965);
#1673=LINE('',#5121,#1966);
#1674=LINE('',#5125,#1967);
#1675=LINE('',#5126,#1968);
#1676=LINE('',#5132,#1969);
#1677=LINE('',#5134,#1970);
#1678=LINE('',#5136,#1971);
#1679=LINE('',#5138,#1972);
#1680=LINE('',#5140,#1973);
#1681=LINE('',#5142,#1974);
#1682=LINE('',#5144,#1975);
#1683=LINE('',#5146,#1976);
#1684=LINE('',#5148,#1977);
#1685=LINE('',#5150,#1978);
#1686=LINE('',#5152,#1979);
#1687=LINE('',#5154,#1980);
#1688=LINE('',#5156,#1981);
#1689=LINE('',#5158,#1982);
#1690=LINE('',#5160,#1983);
#1691=LINE('',#5162,#1984);
#1692=LINE('',#5164,#1985);
#1693=LINE('',#5166,#1986);
#1694=LINE('',#5168,#1987);
#1695=LINE('',#5170,#1988);
#1696=LINE('',#5172,#1989);
#1697=LINE('',#5174,#1990);
#1698=LINE('',#5176,#1991);
#1699=LINE('',#5178,#1992);
#1700=LINE('',#5180,#1993);
#1701=LINE('',#5182,#1994);
#1702=LINE('',#5184,#1995);
#1703=LINE('',#5186,#1996);
#1704=LINE('',#5188,#1997);
#1705=LINE('',#5190,#1998);
#1706=LINE('',#5192,#1999);
#1707=LINE('',#5194,#2000);
#1708=LINE('',#5196,#2001);
#1709=LINE('',#5198,#2002);
#1710=LINE('',#5200,#2003);
#1711=LINE('',#5203,#2004);
#1712=LINE('',#5207,#2005);
#1713=LINE('',#5209,#2006);
#1714=LINE('',#5211,#2007);
#1715=LINE('',#5213,#2008);
#1716=LINE('',#5215,#2009);
#1717=LINE('',#5217,#2010);
#1718=LINE('',#5220,#2011);
#1719=LINE('',#5222,#2012);
#1720=LINE('',#5224,#2013);
#1721=LINE('',#5228,#2014);
#1722=LINE('',#5230,#2015);
#1723=LINE('',#5232,#2016);
#1724=LINE('',#5235,#2017);
#1725=LINE('',#5236,#2018);
#1726=LINE('',#5241,#2019);
#1727=LINE('',#5245,#2020);
#1728=LINE('',#5247,#2021);
#1729=LINE('',#5249,#2022);
#1730=LINE('',#5251,#2023);
#1731=LINE('',#5257,#2024);
#1732=LINE('',#5259,#2025);
#1733=LINE('',#5261,#2026);
#1734=LINE('',#5263,#2027);
#1735=LINE('',#5269,#2028);
#1736=LINE('',#5271,#2029);
#1737=LINE('',#5273,#2030);
#1738=LINE('',#5275,#2031);
#1739=LINE('',#5281,#2032);
#1740=LINE('',#5283,#2033);
#1741=LINE('',#5285,#2034);
#1742=LINE('',#5287,#2035);
#1743=LINE('',#5293,#2036);
#1744=LINE('',#5295,#2037);
#1745=LINE('',#5297,#2038);
#1746=LINE('',#5299,#2039);
#1747=LINE('',#5305,#2040);
#1748=LINE('',#5307,#2041);
#1749=LINE('',#5311,#2042);
#1750=LINE('',#5313,#2043);
#1751=LINE('',#5315,#2044);
#1752=LINE('',#5317,#2045);
#1753=LINE('',#5319,#2046);
#1754=LINE('',#5322,#2047);
#1755=LINE('',#5323,#2048);
#1756=LINE('',#5325,#2049);
#1757=LINE('',#5327,#2050);
#1758=LINE('',#5328,#2051);
#1759=LINE('',#5330,#2052);
#1760=LINE('',#5332,#2053);
#1761=LINE('',#5333,#2054);
#1762=LINE('',#5335,#2055);
#1763=LINE('',#5338,#2056);
#1764=LINE('',#5341,#2057);
#1765=LINE('',#5343,#2058);
#1766=LINE('',#5347,#2059);
#1767=LINE('',#5349,#2060);
#1768=LINE('',#5353,#2061);
#1769=LINE('',#5356,#2062);
#1770=LINE('',#5359,#2063);
#1771=LINE('',#5361,#2064);
#1772=LINE('',#5365,#2065);
#1773=LINE('',#5367,#2066);
#1774=LINE('',#5369,#2067);
#1775=LINE('',#5373,#2068);
#1776=LINE('',#5377,#2069);
#1777=LINE('',#5379,#2070);
#1778=LINE('',#5381,#2071);
#1779=LINE('',#5385,#2072);
#1780=LINE('',#5389,#2073);
#1781=LINE('',#5391,#2074);
#1782=LINE('',#5393,#2075);
#1783=LINE('',#5397,#2076);
#1784=LINE('',#5401,#2077);
#1785=LINE('',#5403,#2078);
#1786=LINE('',#5405,#2079);
#1787=LINE('',#5409,#2080);
#1788=LINE('',#5413,#2081);
#1789=LINE('',#5415,#2082);
#1790=LINE('',#5417,#2083);
#1791=LINE('',#5421,#2084);
#1792=LINE('',#5425,#2085);
#1793=LINE('',#5427,#2086);
#1794=LINE('',#5429,#2087);
#1795=LINE('',#5433,#2088);
#1796=LINE('',#5437,#2089);
#1797=LINE('',#5440,#2090);
#1798=LINE('',#5442,#2091);
#1799=LINE('',#5446,#2092);
#1800=LINE('',#5448,#2093);
#1801=LINE('',#5450,#2094);
#1802=LINE('',#5451,#2095);
#1803=LINE('',#5453,#2096);
#1804=LINE('',#5457,#2097);
#1805=LINE('',#5459,#2098);
#1806=LINE('',#5461,#2099);
#1807=LINE('',#5463,#2100);
#1808=LINE('',#5465,#2101);
#1809=LINE('',#5467,#2102);
#1810=LINE('',#5469,#2103);
#1811=LINE('',#5472,#2104);
#1812=LINE('',#5473,#2105);
#1813=LINE('',#5475,#2106);
#1814=LINE('',#5480,#2107);
#1815=LINE('',#5482,#2108);
#1816=LINE('',#5484,#2109);
#1817=LINE('',#5485,#2110);
#1818=LINE('',#5489,#2111);
#1819=LINE('',#5493,#2112);
#1820=LINE('',#5497,#2113);
#1821=LINE('',#5499,#2114);
#1822=LINE('',#5501,#2115);
#1823=LINE('',#5503,#2116);
#1824=LINE('',#5505,#2117);
#1825=LINE('',#5509,#2118);
#1826=LINE('',#5511,#2119);
#1827=LINE('',#5513,#2120);
#1828=LINE('',#5515,#2121);
#1829=LINE('',#5517,#2122);
#1830=LINE('',#5519,#2123);
#1831=LINE('',#5521,#2124);
#1832=LINE('',#5523,#2125);
#1833=LINE('',#5525,#2126);
#1834=LINE('',#5527,#2127);
#1835=LINE('',#5528,#2128);
#1836=LINE('',#5529,#2129);
#1837=LINE('',#5530,#2130);
#1838=LINE('',#5531,#2131);
#1839=LINE('',#5532,#2132);
#1840=LINE('',#5534,#2133);
#1841=LINE('',#5536,#2134);
#1842=LINE('',#5538,#2135);
#1843=LINE('',#5540,#2136);
#1844=LINE('',#5542,#2137);
#1845=LINE('',#5544,#2138);
#1846=LINE('',#5546,#2139);
#1847=LINE('',#5548,#2140);
#1848=LINE('',#5550,#2141);
#1849=LINE('',#5552,#2142);
#1850=LINE('',#5554,#2143);
#1851=LINE('',#5556,#2144);
#1852=LINE('',#5558,#2145);
#1853=LINE('',#5560,#2146);
#1854=LINE('',#5564,#2147);
#1855=LINE('',#5566,#2148);
#1856=LINE('',#5568,#2149);
#1857=LINE('',#5572,#2150);
#1858=LINE('',#5577,#2151);
#1859=LINE('',#5578,#2152);
#1860=LINE('',#5580,#2153);
#1861=LINE('',#5584,#2154);
#1862=LINE('',#5586,#2155);
#1863=LINE('',#5588,#2156);
#1864=LINE('',#5590,#2157);
#1865=LINE('',#5594,#2158);
#1866=LINE('',#5596,#2159);
#1867=LINE('',#5598,#2160);
#1868=LINE('',#5600,#2161);
#1869=LINE('',#5604,#2162);
#1870=LINE('',#5606,#2163);
#1871=LINE('',#5608,#2164);
#1872=LINE('',#5610,#2165);
#1873=LINE('',#5612,#2166);
#1874=LINE('',#5616,#2167);
#1875=LINE('',#5618,#2168);
#1876=LINE('',#5620,#2169);
#1877=LINE('',#5622,#2170);
#1878=LINE('',#5624,#2171);
#1879=LINE('',#5626,#2172);
#1880=LINE('',#5628,#2173);
#1881=LINE('',#5630,#2174);
#1882=LINE('',#5632,#2175);
#1883=LINE('',#5634,#2176);
#1884=LINE('',#5636,#2177);
#1885=LINE('',#5638,#2178);
#1886=LINE('',#5639,#2179);
#1887=LINE('',#5641,#2180);
#1888=VECTOR('',#4040,1000.);
#1889=VECTOR('',#4041,1000.);
#1890=VECTOR('',#4042,1000.);
#1891=VECTOR('',#4043,1000.);
#1892=VECTOR('',#4046,1000.);
#1893=VECTOR('',#4047,1000.);
#1894=VECTOR('',#4048,1000.);
#1895=VECTOR('',#4049,1000.);
#1896=VECTOR('',#4054,1000.);
#1897=VECTOR('',#4059,1000.);
#1898=VECTOR('',#4060,1000.);
#1899=VECTOR('',#4061,1000.);
#1900=VECTOR('',#4064,1000.);
#1901=VECTOR('',#4065,1000.);
#1902=VECTOR('',#4066,1000.);
#1903=VECTOR('',#4067,1000.);
#1904=VECTOR('',#4072,1000.);
#1905=VECTOR('',#4077,1000.);
#1906=VECTOR('',#4078,1000.);
#1907=VECTOR('',#4079,1000.);
#1908=VECTOR('',#4084,1000.);
#1909=VECTOR('',#4089,1000.);
#1910=VECTOR('',#4090,1000.);
#1911=VECTOR('',#4091,1000.);
#1912=VECTOR('',#4100,1000.);
#1913=VECTOR('',#4101,1000.);
#1914=VECTOR('',#4102,1000.);
#1915=VECTOR('',#4105,1000.);
#1916=VECTOR('',#4106,1000.);
#1917=VECTOR('',#4107,1000.);
#1918=VECTOR('',#4110,1000.);
#1919=VECTOR('',#4111,1000.);
#1920=VECTOR('',#4112,1000.);
#1921=VECTOR('',#4113,1000.);
#1922=VECTOR('',#4114,1000.);
#1923=VECTOR('',#4115,1000.);
#1924=VECTOR('',#4184,1000.);
#1925=VECTOR('',#4185,1000.);
#1926=VECTOR('',#4186,1000.);
#1927=VECTOR('',#4187,1000.);
#1928=VECTOR('',#4190,1000.);
#1929=VECTOR('',#4191,1000.);
#1930=VECTOR('',#4192,1000.);
#1931=VECTOR('',#4195,1000.);
#1932=VECTOR('',#4196,1000.);
#1933=VECTOR('',#4197,1000.);
#1934=VECTOR('',#4200,1000.);
#1935=VECTOR('',#4201,1000.);
#1936=VECTOR('',#4206,1000.);
#1937=VECTOR('',#4207,1000.);
#1938=VECTOR('',#4208,1000.);
#1939=VECTOR('',#4209,1000.);
#1940=VECTOR('',#4212,1000.);
#1941=VECTOR('',#4213,1000.);
#1942=VECTOR('',#4214,1000.);
#1943=VECTOR('',#4215,1000.);
#1944=VECTOR('',#4218,1000.);
#1945=VECTOR('',#4219,1000.);
#1946=VECTOR('',#4220,1000.);
#1947=VECTOR('',#4221,1000.);
#1948=VECTOR('',#4224,1000.);
#1949=VECTOR('',#4225,1000.);
#1950=VECTOR('',#4226,1000.);
#1951=VECTOR('',#4227,1000.);
#1952=VECTOR('',#4230,1000.);
#1953=VECTOR('',#4231,1000.);
#1954=VECTOR('',#4232,1000.);
#1955=VECTOR('',#4233,1000.);
#1956=VECTOR('',#4238,1000.);
#1957=VECTOR('',#4241,1000.);
#1958=VECTOR('',#4244,1000.);
#1959=VECTOR('',#4245,1000.);
#1960=VECTOR('',#4246,1000.);
#1961=VECTOR('',#4249,1000.);
#1962=VECTOR('',#4250,1000.);
#1963=VECTOR('',#4251,1000.);
#1964=VECTOR('',#4258,1000.);
#1965=VECTOR('',#4261,1000.);
#1966=VECTOR('',#4262,1000.);
#1967=VECTOR('',#4265,1000.);
#1968=VECTOR('',#4266,1000.);
#1969=VECTOR('',#4273,1000.);
#1970=VECTOR('',#4276,1000.);
#1971=VECTOR('',#4277,1000.);
#1972=VECTOR('',#4278,1000.);
#1973=VECTOR('',#4281,1000.);
#1974=VECTOR('',#4282,1000.);
#1975=VECTOR('',#4283,1000.);
#1976=VECTOR('',#4286,1000.);
#1977=VECTOR('',#4287,1000.);
#1978=VECTOR('',#4288,1000.);
#1979=VECTOR('',#4291,1000.);
#1980=VECTOR('',#4292,1000.);
#1981=VECTOR('',#4293,1000.);
#1982=VECTOR('',#4296,1000.);
#1983=VECTOR('',#4297,1000.);
#1984=VECTOR('',#4300,1000.);
#1985=VECTOR('',#4301,1000.);
#1986=VECTOR('',#4302,1000.);
#1987=VECTOR('',#4305,1000.);
#1988=VECTOR('',#4306,1000.);
#1989=VECTOR('',#4309,1000.);
#1990=VECTOR('',#4310,1000.);
#1991=VECTOR('',#4313,1000.);
#1992=VECTOR('',#4314,1000.);
#1993=VECTOR('',#4315,1000.);
#1994=VECTOR('',#4318,1000.);
#1995=VECTOR('',#4319,1000.);
#1996=VECTOR('',#4322,1000.);
#1997=VECTOR('',#4323,1000.);
#1998=VECTOR('',#4326,1000.);
#1999=VECTOR('',#4327,1000.);
#2000=VECTOR('',#4330,1000.);
#2001=VECTOR('',#4331,1000.);
#2002=VECTOR('',#4332,1000.);
#2003=VECTOR('',#4335,1000.);
#2004=VECTOR('',#4340,1000.);
#2005=VECTOR('',#4343,1000.);
#2006=VECTOR('',#4344,1000.);
#2007=VECTOR('',#4347,1000.);
#2008=VECTOR('',#4348,1000.);
#2009=VECTOR('',#4349,1000.);
#2010=VECTOR('',#4352,1000.);
#2011=VECTOR('',#4353,1000.);
#2012=VECTOR('',#4354,1000.);
#2013=VECTOR('',#4355,1000.);
#2014=VECTOR('',#4360,1000.);
#2015=VECTOR('',#4361,1000.);
#2016=VECTOR('',#4364,1000.);
#2017=VECTOR('',#4365,1000.);
#2018=VECTOR('',#4366,1000.);
#2019=VECTOR('',#4371,1000.);
#2020=VECTOR('',#4374,1000.);
#2021=VECTOR('',#4377,1000.);
#2022=VECTOR('',#4378,1000.);
#2023=VECTOR('',#4379,1000.);
#2024=VECTOR('',#4386,1000.);
#2025=VECTOR('',#4389,1000.);
#2026=VECTOR('',#4390,1000.);
#2027=VECTOR('',#4391,1000.);
#2028=VECTOR('',#4398,1000.);
#2029=VECTOR('',#4401,1000.);
#2030=VECTOR('',#4402,1000.);
#2031=VECTOR('',#4403,1000.);
#2032=VECTOR('',#4410,1000.);
#2033=VECTOR('',#4413,1000.);
#2034=VECTOR('',#4414,1000.);
#2035=VECTOR('',#4415,1000.);
#2036=VECTOR('',#4422,1000.);
#2037=VECTOR('',#4425,1000.);
#2038=VECTOR('',#4426,1000.);
#2039=VECTOR('',#4427,1000.);
#2040=VECTOR('',#4434,1000.);
#2041=VECTOR('',#4437,1000.);
#2042=VECTOR('',#4440,1000.);
#2043=VECTOR('',#4441,1000.);
#2044=VECTOR('',#4442,1000.);
#2045=VECTOR('',#4443,1000.);
#2046=VECTOR('',#4446,1000.);
#2047=VECTOR('',#4447,1000.);
#2048=VECTOR('',#4448,1000.);
#2049=VECTOR('',#4451,1000.);
#2050=VECTOR('',#4452,1000.);
#2051=VECTOR('',#4453,1000.);
#2052=VECTOR('',#4456,1000.);
#2053=VECTOR('',#4457,1000.);
#2054=VECTOR('',#4458,1000.);
#2055=VECTOR('',#4461,1000.);
#2056=VECTOR('',#4462,1000.);
#2057=VECTOR('',#4465,1000.);
#2058=VECTOR('',#4466,1000.);
#2059=VECTOR('',#4471,1000.);
#2060=VECTOR('',#4474,1000.);
#2061=VECTOR('',#4477,1000.);
#2062=VECTOR('',#4482,1000.);
#2063=VECTOR('',#4483,1000.);
#2064=VECTOR('',#4484,1000.);
#2065=VECTOR('',#4487,1000.);
#2066=VECTOR('',#4488,1000.);
#2067=VECTOR('',#4489,1000.);
#2068=VECTOR('',#4494,1000.);
#2069=VECTOR('',#4499,1000.);
#2070=VECTOR('',#4500,1000.);
#2071=VECTOR('',#4501,1000.);
#2072=VECTOR('',#4506,1000.);
#2073=VECTOR('',#4511,1000.);
#2074=VECTOR('',#4512,1000.);
#2075=VECTOR('',#4513,1000.);
#2076=VECTOR('',#4518,1000.);
#2077=VECTOR('',#4523,1000.);
#2078=VECTOR('',#4524,1000.);
#2079=VECTOR('',#4525,1000.);
#2080=VECTOR('',#4530,1000.);
#2081=VECTOR('',#4535,1000.);
#2082=VECTOR('',#4536,1000.);
#2083=VECTOR('',#4537,1000.);
#2084=VECTOR('',#4542,1000.);
#2085=VECTOR('',#4547,1000.);
#2086=VECTOR('',#4548,1000.);
#2087=VECTOR('',#4549,1000.);
#2088=VECTOR('',#4554,1000.);
#2089=VECTOR('',#4559,1000.);
#2090=VECTOR('',#4562,1000.);
#2091=VECTOR('',#4563,1000.);
#2092=VECTOR('',#4568,1000.);
#2093=VECTOR('',#4571,1000.);
#2094=VECTOR('',#4572,1000.);
#2095=VECTOR('',#4573,1000.);
#2096=VECTOR('',#4576,1000.);
#2097=VECTOR('',#4579,1000.);
#2098=VECTOR('',#4582,1000.);
#2099=VECTOR('',#4583,1000.);
#2100=VECTOR('',#4584,1000.);
#2101=VECTOR('',#4585,1000.);
#2102=VECTOR('',#4586,1000.);
#2103=VECTOR('',#4589,1000.);
#2104=VECTOR('',#4590,1000.);
#2105=VECTOR('',#4591,1000.);
#2106=VECTOR('',#4594,1000.);
#2107=VECTOR('',#4597,1000.);
#2108=VECTOR('',#4598,1000.);
#2109=VECTOR('',#4599,1000.);
#2110=VECTOR('',#4600,1000.);
#2111=VECTOR('',#4605,1000.);
#2112=VECTOR('',#4610,1000.);
#2113=VECTOR('',#4613,1000.);
#2114=VECTOR('',#4614,1000.);
#2115=VECTOR('',#4615,1000.);
#2116=VECTOR('',#4618,1000.);
#2117=VECTOR('',#4619,1000.);
#2118=VECTOR('',#4624,1000.);
#2119=VECTOR('',#4627,1000.);
#2120=VECTOR('',#4628,1000.);
#2121=VECTOR('',#4631,1000.);
#2122=VECTOR('',#4632,1000.);
#2123=VECTOR('',#4635,1000.);
#2124=VECTOR('',#4638,1000.);
#2125=VECTOR('',#4641,1000.);
#2126=VECTOR('',#4644,1000.);
#2127=VECTOR('',#4645,1000.);
#2128=VECTOR('',#4646,1000.);
#2129=VECTOR('',#4647,1000.);
#2130=VECTOR('',#4648,1000.);
#2131=VECTOR('',#4649,1000.);
#2132=VECTOR('',#4650,1000.);
#2133=VECTOR('',#4651,1000.);
#2134=VECTOR('',#4654,1000.);
#2135=VECTOR('',#4657,1000.);
#2136=VECTOR('',#4660,1000.);
#2137=VECTOR('',#4661,1000.);
#2138=VECTOR('',#4664,1000.);
#2139=VECTOR('',#4667,1000.);
#2140=VECTOR('',#4670,1000.);
#2141=VECTOR('',#4671,1000.);
#2142=VECTOR('',#4672,1000.);
#2143=VECTOR('',#4675,1000.);
#2144=VECTOR('',#4676,1000.);
#2145=VECTOR('',#4679,1000.);
#2146=VECTOR('',#4680,1000.);
#2147=VECTOR('',#4685,1000.);
#2148=VECTOR('',#4688,1000.);
#2149=VECTOR('',#4689,1000.);
#2150=VECTOR('',#4692,1000.);
#2151=VECTOR('',#4697,1000.);
#2152=VECTOR('',#4698,1000.);
#2153=VECTOR('',#4701,1000.);
#2154=VECTOR('',#4704,1000.);
#2155=VECTOR('',#4705,1000.);
#2156=VECTOR('',#4708,1000.);
#2157=VECTOR('',#4709,1000.);
#2158=VECTOR('',#4712,1000.);
#2159=VECTOR('',#4715,1000.);
#2160=VECTOR('',#4716,1000.);
#2161=VECTOR('',#4717,1000.);
#2162=VECTOR('',#4722,1000.);
#2163=VECTOR('',#4723,1000.);
#2164=VECTOR('',#4726,1000.);
#2165=VECTOR('',#4727,1000.);
#2166=VECTOR('',#4730,1000.);
#2167=VECTOR('',#4733,1000.);
#2168=VECTOR('',#4736,1000.);
#2169=VECTOR('',#4737,1000.);
#2170=VECTOR('',#4740,1000.);
#2171=VECTOR('',#4741,1000.);
#2172=VECTOR('',#4744,1000.);
#2173=VECTOR('',#4747,1000.);
#2174=VECTOR('',#4750,1000.);
#2175=VECTOR('',#4753,1000.);
#2176=VECTOR('',#4754,1000.);
#2177=VECTOR('',#4757,1000.);
#2178=VECTOR('',#4758,1000.);
#2179=VECTOR('',#4759,1000.);
#2180=VECTOR('',#4760,1000.);
#2181=EDGE_LOOP('',(#178,#179,#180,#181));
#2182=EDGE_LOOP('',(#182,#183,#184,#185));
#2183=EDGE_LOOP('',(#186,#187,#188,#189));
#2184=EDGE_LOOP('',(#190,#191,#192,#193));
#2185=EDGE_LOOP('',(#194,#195,#196,#197));
#2186=EDGE_LOOP('',(#198,#199,#200,#201));
#2187=EDGE_LOOP('',(#202,#203,#204,#205));
#2188=EDGE_LOOP('',(#206,#207,#208,#209));
#2189=EDGE_LOOP('',(#210,#211,#212,#213));
#2190=EDGE_LOOP('',(#214,#215,#216,#217));
#2191=EDGE_LOOP('',(#218,#219,#220,#221,#222,#223,#224));
#2192=EDGE_LOOP('',(#225,#226,#227,#228,#229,#230,#231));
#2193=EDGE_LOOP('',(#232,#233,#234,#235));
#2194=EDGE_LOOP('',(#236,#237,#238));
#2195=EDGE_LOOP('',(#239,#240,#241,#242));
#2196=EDGE_LOOP('',(#243,#244,#245));
#2197=EDGE_LOOP('',(#246,#247,#248,#249));
#2198=EDGE_LOOP('',(#250,#251,#252));
#2199=EDGE_LOOP('',(#253,#254,#255,#256));
#2200=EDGE_LOOP('',(#257,#258,#259,#260));
#2201=EDGE_LOOP('',(#261,#262,#263,#264));
#2202=EDGE_LOOP('',(#265,#266,#267,#268));
#2203=EDGE_LOOP('',(#269,#270,#271));
#2204=EDGE_LOOP('',(#272,#273,#274,#275));
#2205=EDGE_LOOP('',(#276,#277,#278));
#2206=EDGE_LOOP('',(#279,#280,#281,#282));
#2207=EDGE_LOOP('',(#283,#284,#285));
#2208=EDGE_LOOP('',(#286,#287,#288,#289));
#2209=EDGE_LOOP('',(#290,#291,#292,#293));
#2210=EDGE_LOOP('',(#294,#295,#296,#297));
#2211=EDGE_LOOP('',(#298,#299,#300,#301));
#2212=EDGE_LOOP('',(#302,#303,#304,#305));
#2213=EDGE_LOOP('',(#306,#307,#308,#309));
#2214=EDGE_LOOP('',(#310,#311,#312,#313));
#2215=EDGE_LOOP('',(#314,#315,#316,#317,#318,#319,#320,#321));
#2216=EDGE_LOOP('',(#322,#323,#324,#325));
#2217=EDGE_LOOP('',(#326,#327,#328,#329));
#2218=EDGE_LOOP('',(#330,#331,#332,#333));
#2219=EDGE_LOOP('',(#334,#335,#336,#337));
#2220=EDGE_LOOP('',(#338,#339,#340,#341));
#2221=EDGE_LOOP('',(#342,#343,#344,#345));
#2222=EDGE_LOOP('',(#346,#347,#348,#349));
#2223=EDGE_LOOP('',(#350,#351,#352,#353,#354,#355,#356,#357));
#2224=EDGE_LOOP('',(#358,#359,#360,#361));
#2225=EDGE_LOOP('',(#362,#363,#364,#365,#366,#367));
#2226=EDGE_LOOP('',(#368,#369,#370,#371));
#2227=EDGE_LOOP('',(#372,#373,#374,#375));
#2228=EDGE_LOOP('',(#376,#377,#378,#379));
#2229=EDGE_LOOP('',(#380,#381,#382,#383));
#2230=EDGE_LOOP('',(#384,#385,#386,#387));
#2231=EDGE_LOOP('',(#388,#389,#390,#391,#392));
#2232=EDGE_LOOP('',(#393,#394,#395,#396,#397));
#2233=EDGE_LOOP('',(#398,#399,#400,#401));
#2234=EDGE_LOOP('',(#402,#403,#404,#405,#406));
#2235=EDGE_LOOP('',(#407,#408,#409,#410,#411));
#2236=EDGE_LOOP('',(#412,#413,#414,#415));
#2237=EDGE_LOOP('',(#416,#417,#418,#419,#420));
#2238=EDGE_LOOP('',(#421,#422,#423,#424,#425));
#2239=EDGE_LOOP('',(#426,#427,#428,#429));
#2240=EDGE_LOOP('',(#430,#431,#432,#433,#434));
#2241=EDGE_LOOP('',(#435,#436,#437,#438,#439));
#2242=EDGE_LOOP('',(#440,#441,#442,#443));
#2243=EDGE_LOOP('',(#444,#445,#446,#447,#448));
#2244=EDGE_LOOP('',(#449,#450,#451,#452,#453));
#2245=EDGE_LOOP('',(#454,#455,#456,#457));
#2246=EDGE_LOOP('',(#458,#459,#460,#461));
#2247=EDGE_LOOP('',(#462,#463,#464,#465));
#2248=EDGE_LOOP('',(#466,#467,#468,#469));
#2249=EDGE_LOOP('',(#470,#471,#472,#473));
#2250=EDGE_LOOP('',(#474,#475,#476,#477));
#2251=EDGE_LOOP('',(#478,#479,#480,#481));
#2252=EDGE_LOOP('',(#482,#483,#484,#485));
#2253=EDGE_LOOP('',(#486,#487,#488,#489));
#2254=EDGE_LOOP('',(#490,#491,#492,#493));
#2255=EDGE_LOOP('',(#494,#495,#496,#497));
#2256=EDGE_LOOP('',(#498,#499,#500,#501));
#2257=EDGE_LOOP('',(#502,#503,#504,#505,#506,#507,#508));
#2258=EDGE_LOOP('',(#509,#510,#511,#512));
#2259=EDGE_LOOP('',(#513,#514,#515,#516,#517,#518,#519));
#2260=EDGE_LOOP('',(#520,#521,#522,#523,#524,#525,#526));
#2261=EDGE_LOOP('',(#527,#528,#529,#530,#531,#532));
#2262=EDGE_LOOP('',(#533,#534,#535,#536));
#2263=EDGE_LOOP('',(#537,#538,#539,#540,#541,#542,#543,#544));
#2264=EDGE_LOOP('',(#545,#546,#547,#548,#549,#550,#551));
#2265=EDGE_LOOP('',(#552,#553,#554,#555));
#2266=EDGE_LOOP('',(#556,#557,#558,#559));
#2267=EDGE_LOOP('',(#560,#561,#562,#563));
#2268=EDGE_LOOP('',(#564,#565,#566,#567));
#2269=EDGE_LOOP('',(#568,#569,#570,#571));
#2270=EDGE_LOOP('',(#572,#573,#574,#575));
#2271=EDGE_LOOP('',(#576,#577,#578,#579));
#2272=EDGE_LOOP('',(#580,#581,#582,#583));
#2273=EDGE_LOOP('',(#584,#585,#586,#587));
#2274=EDGE_LOOP('',(#588,#589,#590,#591));
#2275=EDGE_LOOP('',(#592,#593,#594,#595));
#2276=EDGE_LOOP('',(#596,#597,#598,#599,#600,#601,#602));
#2277=EDGE_LOOP('',(#603,#604,#605,#606));
#2278=EDGE_LOOP('',(#607,#608,#609,#610,#611,#612,#613));
#2279=EDGE_LOOP('',(#614,#615,#616,#617));
#2280=EDGE_LOOP('',(#618,#619,#620,#621,#622,#623,#624,#625,#626,#627,#628,
#629));
#2281=EDGE_LOOP('',(#630,#631,#632,#633));
#2282=EDGE_LOOP('',(#634,#635,#636,#637,#638,#639,#640,#641));
#2283=EDGE_LOOP('',(#642,#643,#644,#645));
#2284=EDGE_LOOP('',(#646,#647,#648,#649,#650,#651));
#2285=EDGE_LOOP('',(#652,#653,#654,#655,#656,#657,#658,#659,#660,#661,#662,
#663,#664,#665,#666,#667,#668,#669,#670,#671,#672,#673,#674,#675));
#2286=EDGE_LOOP('',(#676,#677,#678,#679));
#2287=EDGE_LOOP('',(#680,#681,#682,#683));
#2288=EDGE_LOOP('',(#684,#685,#686,#687));
#2289=EDGE_LOOP('',(#688,#689,#690,#691));
#2290=EDGE_LOOP('',(#692,#693,#694,#695));
#2291=EDGE_LOOP('',(#696,#697,#698,#699));
#2292=EDGE_LOOP('',(#700,#701,#702,#703,#704,#705,#706,#707,#708,#709,#710,
#711,#712,#713,#714,#715,#716,#717,#718,#719,#720,#721));
#2293=EDGE_LOOP('',(#722,#723,#724,#725));
#2294=EDGE_LOOP('',(#726,#727,#728,#729,#730,#731,#732,#733,#734,#735,#736,
#737,#738,#739));
#2295=EDGE_LOOP('',(#740,#741,#742,#743));
#2296=EDGE_LOOP('',(#744,#745,#746,#747,#748,#749,#750,#751,#752,#753,#754,
#755,#756,#757));
#2297=EDGE_LOOP('',(#758,#759,#760,#761));
#2298=EDGE_LOOP('',(#762,#763,#764,#765));
#2299=EDGE_LOOP('',(#766,#767,#768,#769));
#2300=EDGE_LOOP('',(#770,#771,#772,#773));
#2301=EDGE_LOOP('',(#774,#775,#776,#777));
#2302=EDGE_LOOP('',(#778,#779,#780,#781,#782,#783,#784,#785,#786,#787,#788,
#789,#790,#791,#792,#793,#794,#795,#796,#797,#798,#799,#800,#801));
#2303=EDGE_LOOP('',(#802,#803,#804,#805));
#2304=EDGE_LOOP('',(#806,#807,#808,#809,#810,#811,#812,#813));
#2305=EDGE_LOOP('',(#814,#815,#816,#817,#818,#819));
#2306=EDGE_LOOP('',(#820,#821,#822,#823));
#2307=EDGE_LOOP('',(#824,#825,#826,#827,#828,#829,#830));
#2308=EDGE_LOOP('',(#831,#832,#833,#834));
#2309=EDGE_LOOP('',(#835,#836,#837,#838,#839,#840,#841));
#2310=EDGE_LOOP('',(#842,#843,#844,#845));
#2311=EDGE_LOOP('',(#846,#847,#848,#849,#850));
#2312=EDGE_LOOP('',(#851,#852,#853,#854,#855,#856,#857));
#2313=EDGE_LOOP('',(#858,#859,#860,#861,#862,#863,#864,#865,#866,#867,#868,
#869,#870,#871));
#2314=EDGE_LOOP('',(#872,#873,#874,#875,#876,#877,#878));
#2315=EDGE_LOOP('',(#879,#880,#881,#882,#883));
#2316=EDGE_LOOP('',(#884,#885,#886,#887,#888,#889,#890,#891,#892,#893,#894,
#895));
#2317=EDGE_LOOP('',(#896,#897,#898,#899));
#2318=EDGE_LOOP('',(#900,#901,#902,#903));
#2319=EDGE_LOOP('',(#904,#905,#906,#907));
#2320=EDGE_LOOP('',(#908,#909,#910));
#2321=EDGE_LOOP('',(#911,#912,#913,#914));
#2322=EDGE_LOOP('',(#915,#916,#917,#918));
#2323=EDGE_LOOP('',(#919,#920,#921,#922));
#2324=EDGE_LOOP('',(#923,#924,#925));
#2325=EDGE_LOOP('',(#926,#927,#928,#929));
#2326=EDGE_LOOP('',(#930,#931,#932,#933));
#2327=EDGE_LOOP('',(#934,#935,#936,#937));
#2328=EDGE_LOOP('',(#938,#939,#940));
#2329=EDGE_LOOP('',(#941,#942,#943,#944));
#2330=EDGE_LOOP('',(#945,#946,#947,#948));
#2331=EDGE_LOOP('',(#949,#950,#951,#952));
#2332=EDGE_LOOP('',(#953,#954,#955));
#2333=EDGE_LOOP('',(#956,#957,#958,#959));
#2334=FACE_BOUND('',#2181,.T.);
#2335=FACE_BOUND('',#2182,.T.);
#2336=FACE_BOUND('',#2183,.T.);
#2337=FACE_BOUND('',#2184,.T.);
#2338=FACE_BOUND('',#2185,.T.);
#2339=FACE_BOUND('',#2186,.T.);
#2340=FACE_BOUND('',#2187,.T.);
#2341=FACE_BOUND('',#2188,.T.);
#2342=FACE_BOUND('',#2189,.T.);
#2343=FACE_BOUND('',#2190,.T.);
#2344=FACE_BOUND('',#2191,.T.);
#2345=FACE_BOUND('',#2192,.T.);
#2346=FACE_BOUND('',#2193,.T.);
#2347=FACE_BOUND('',#2194,.T.);
#2348=FACE_BOUND('',#2195,.T.);
#2349=FACE_BOUND('',#2196,.T.);
#2350=FACE_BOUND('',#2197,.T.);
#2351=FACE_BOUND('',#2198,.T.);
#2352=FACE_BOUND('',#2199,.T.);
#2353=FACE_BOUND('',#2200,.T.);
#2354=FACE_BOUND('',#2201,.T.);
#2355=FACE_BOUND('',#2202,.T.);
#2356=FACE_BOUND('',#2203,.T.);
#2357=FACE_BOUND('',#2204,.T.);
#2358=FACE_BOUND('',#2205,.T.);
#2359=FACE_BOUND('',#2206,.T.);
#2360=FACE_BOUND('',#2207,.T.);
#2361=FACE_BOUND('',#2208,.T.);
#2362=FACE_BOUND('',#2209,.T.);
#2363=FACE_BOUND('',#2210,.T.);
#2364=FACE_BOUND('',#2211,.T.);
#2365=FACE_BOUND('',#2212,.T.);
#2366=FACE_BOUND('',#2213,.T.);
#2367=FACE_BOUND('',#2214,.T.);
#2368=FACE_BOUND('',#2215,.T.);
#2369=FACE_BOUND('',#2216,.T.);
#2370=FACE_BOUND('',#2217,.T.);
#2371=FACE_BOUND('',#2218,.T.);
#2372=FACE_BOUND('',#2219,.T.);
#2373=FACE_BOUND('',#2220,.T.);
#2374=FACE_BOUND('',#2221,.T.);
#2375=FACE_BOUND('',#2222,.T.);
#2376=FACE_BOUND('',#2223,.T.);
#2377=FACE_BOUND('',#2224,.T.);
#2378=FACE_BOUND('',#2225,.T.);
#2379=FACE_BOUND('',#2226,.T.);
#2380=FACE_BOUND('',#2227,.T.);
#2381=FACE_BOUND('',#2228,.T.);
#2382=FACE_BOUND('',#2229,.T.);
#2383=FACE_BOUND('',#2230,.T.);
#2384=FACE_BOUND('',#2231,.T.);
#2385=FACE_BOUND('',#2232,.T.);
#2386=FACE_BOUND('',#2233,.T.);
#2387=FACE_BOUND('',#2234,.T.);
#2388=FACE_BOUND('',#2235,.T.);
#2389=FACE_BOUND('',#2236,.T.);
#2390=FACE_BOUND('',#2237,.T.);
#2391=FACE_BOUND('',#2238,.T.);
#2392=FACE_BOUND('',#2239,.T.);
#2393=FACE_BOUND('',#2240,.T.);
#2394=FACE_BOUND('',#2241,.T.);
#2395=FACE_BOUND('',#2242,.T.);
#2396=FACE_BOUND('',#2243,.T.);
#2397=FACE_BOUND('',#2244,.T.);
#2398=FACE_BOUND('',#2245,.T.);
#2399=FACE_BOUND('',#2246,.T.);
#2400=FACE_BOUND('',#2247,.T.);
#2401=FACE_BOUND('',#2248,.T.);
#2402=FACE_BOUND('',#2249,.T.);
#2403=FACE_BOUND('',#2250,.T.);
#2404=FACE_BOUND('',#2251,.T.);
#2405=FACE_BOUND('',#2252,.T.);
#2406=FACE_BOUND('',#2253,.T.);
#2407=FACE_BOUND('',#2254,.T.);
#2408=FACE_BOUND('',#2255,.T.);
#2409=FACE_BOUND('',#2256,.T.);
#2410=FACE_BOUND('',#2257,.T.);
#2411=FACE_BOUND('',#2258,.T.);
#2412=FACE_BOUND('',#2259,.T.);
#2413=FACE_BOUND('',#2260,.T.);
#2414=FACE_BOUND('',#2261,.T.);
#2415=FACE_BOUND('',#2262,.T.);
#2416=FACE_BOUND('',#2263,.T.);
#2417=FACE_BOUND('',#2264,.T.);
#2418=FACE_BOUND('',#2265,.T.);
#2419=FACE_BOUND('',#2266,.T.);
#2420=FACE_BOUND('',#2267,.T.);
#2421=FACE_BOUND('',#2268,.T.);
#2422=FACE_BOUND('',#2269,.T.);
#2423=FACE_BOUND('',#2270,.T.);
#2424=FACE_BOUND('',#2271,.T.);
#2425=FACE_BOUND('',#2272,.T.);
#2426=FACE_BOUND('',#2273,.T.);
#2427=FACE_BOUND('',#2274,.T.);
#2428=FACE_BOUND('',#2275,.T.);
#2429=FACE_BOUND('',#2276,.T.);
#2430=FACE_BOUND('',#2277,.T.);
#2431=FACE_BOUND('',#2278,.T.);
#2432=FACE_BOUND('',#2279,.T.);
#2433=FACE_BOUND('',#2280,.T.);
#2434=FACE_BOUND('',#2281,.T.);
#2435=FACE_BOUND('',#2282,.T.);
#2436=FACE_BOUND('',#2283,.T.);
#2437=FACE_BOUND('',#2284,.T.);
#2438=FACE_BOUND('',#2285,.T.);
#2439=FACE_BOUND('',#2286,.T.);
#2440=FACE_BOUND('',#2287,.T.);
#2441=FACE_BOUND('',#2288,.T.);
#2442=FACE_BOUND('',#2289,.T.);
#2443=FACE_BOUND('',#2290,.T.);
#2444=FACE_BOUND('',#2291,.T.);
#2445=FACE_BOUND('',#2292,.T.);
#2446=FACE_BOUND('',#2293,.T.);
#2447=FACE_BOUND('',#2294,.T.);
#2448=FACE_BOUND('',#2295,.T.);
#2449=FACE_BOUND('',#2296,.T.);
#2450=FACE_BOUND('',#2297,.T.);
#2451=FACE_BOUND('',#2298,.T.);
#2452=FACE_BOUND('',#2299,.T.);
#2453=FACE_BOUND('',#2300,.T.);
#2454=FACE_BOUND('',#2301,.T.);
#2455=FACE_BOUND('',#2302,.T.);
#2456=FACE_BOUND('',#2303,.T.);
#2457=FACE_BOUND('',#2304,.T.);
#2458=FACE_BOUND('',#2305,.T.);
#2459=FACE_BOUND('',#2306,.T.);
#2460=FACE_BOUND('',#2307,.T.);
#2461=FACE_BOUND('',#2308,.T.);
#2462=FACE_BOUND('',#2309,.T.);
#2463=FACE_BOUND('',#2310,.T.);
#2464=FACE_BOUND('',#2311,.T.);
#2465=FACE_BOUND('',#2312,.T.);
#2466=FACE_BOUND('',#2313,.T.);
#2467=FACE_BOUND('',#2314,.T.);
#2468=FACE_BOUND('',#2315,.T.);
#2469=FACE_BOUND('',#2316,.T.);
#2470=FACE_BOUND('',#2317,.T.);
#2471=FACE_BOUND('',#2318,.T.);
#2472=FACE_BOUND('',#2319,.T.);
#2473=FACE_BOUND('',#2320,.T.);
#2474=FACE_BOUND('',#2321,.T.);
#2475=FACE_BOUND('',#2322,.T.);
#2476=FACE_BOUND('',#2323,.T.);
#2477=FACE_BOUND('',#2324,.T.);
#2478=FACE_BOUND('',#2325,.T.);
#2479=FACE_BOUND('',#2326,.T.);
#2480=FACE_BOUND('',#2327,.T.);
#2481=FACE_BOUND('',#2328,.T.);
#2482=FACE_BOUND('',#2329,.T.);
#2483=FACE_BOUND('',#2330,.T.);
#2484=FACE_BOUND('',#2331,.T.);
#2485=FACE_BOUND('',#2332,.T.);
#2486=FACE_BOUND('',#2333,.T.);
#2487=PLANE('',#3793);
#2488=PLANE('',#3794);
#2489=PLANE('',#3798);
#2490=PLANE('',#3799);
#2491=PLANE('',#3803);
#2492=PLANE('',#3807);
#2493=PLANE('',#3811);
#2494=PLANE('',#3813);
#2495=PLANE('',#3847);
#2496=PLANE('',#3848);
#2497=PLANE('',#3849);
#2498=PLANE('',#3850);
#2499=PLANE('',#3851);
#2500=PLANE('',#3852);
#2501=PLANE('',#3853);
#2502=PLANE('',#3854);
#2503=PLANE('',#3855);
#2504=PLANE('',#3856);
#2505=PLANE('',#3860);
#2506=PLANE('',#3865);
#2507=PLANE('',#3870);
#2508=PLANE('',#3871);
#2509=PLANE('',#3872);
#2510=PLANE('',#3873);
#2511=PLANE('',#3874);
#2512=PLANE('',#3875);
#2513=PLANE('',#3876);
#2514=PLANE('',#3877);
#2515=PLANE('',#3878);
#2516=PLANE('',#3879);
#2517=PLANE('',#3880);
#2518=PLANE('',#3881);
#2519=PLANE('',#3882);
#2520=PLANE('',#3883);
#2521=PLANE('',#3885);
#2522=PLANE('',#3887);
#2523=PLANE('',#3888);
#2524=PLANE('',#3890);
#2525=PLANE('',#3891);
#2526=PLANE('',#3895);
#2527=PLANE('',#3899);
#2528=PLANE('',#3903);
#2529=PLANE('',#3907);
#2530=PLANE('',#3911);
#2531=PLANE('',#3915);
#2532=PLANE('',#3917);
#2533=PLANE('',#3918);
#2534=PLANE('',#3919);
#2535=PLANE('',#3920);
#2536=PLANE('',#3924);
#2537=PLANE('',#3927);
#2538=PLANE('',#3932);
#2539=PLANE('',#3936);
#2540=PLANE('',#3940);
#2541=PLANE('',#3944);
#2542=PLANE('',#3948);
#2543=PLANE('',#3952);
#2544=PLANE('',#3956);
#2545=PLANE('',#3959);
#2546=PLANE('',#3960);
#2547=PLANE('',#3961);
#2548=PLANE('',#3966);
#2549=PLANE('',#3968);
#2550=PLANE('',#3971);
#2551=PLANE('',#3972);
#2552=PLANE('',#3973);
#2553=PLANE('',#3974);
#2554=PLANE('',#3975);
#2555=PLANE('',#3976);
#2556=PLANE('',#3977);
#2557=PLANE('',#3978);
#2558=PLANE('',#3979);
#2559=PLANE('',#3980);
#2560=PLANE('',#3981);
#2561=PLANE('',#3982);
#2562=PLANE('',#3983);
#2563=PLANE('',#3984);
#2564=PLANE('',#3987);
#2565=PLANE('',#3991);
#2566=PLANE('',#3993);
#2567=PLANE('',#3995);
#2568=PLANE('',#3996);
#2569=PLANE('',#3998);
#2570=PLANE('',#3999);
#2571=PLANE('',#4001);
#2572=PLANE('',#4002);
#2573=PLANE('',#4003);
#2574=PLANE('',#4004);
#2575=PLANE('',#4005);
#2576=PLANE('',#4006);
#2577=PLANE('',#4007);
#2578=STYLED_ITEM('',(#2729),#3637);
#2579=STYLED_ITEM('',(#2730),#3638);
#2580=STYLED_ITEM('',(#2731),#3639);
#2581=STYLED_ITEM('',(#2732),#3640);
#2582=STYLED_ITEM('',(#2733),#3641);
#2583=STYLED_ITEM('',(#2734),#3642);
#2584=STYLED_ITEM('',(#2735),#3643);
#2585=STYLED_ITEM('',(#2736),#3644);
#2586=STYLED_ITEM('',(#2737),#3645);
#2587=STYLED_ITEM('',(#2738),#3646);
#2588=STYLED_ITEM('',(#2739),#3647);
#2589=STYLED_ITEM('',(#2740),#3648);
#2590=STYLED_ITEM('',(#2741),#3649);
#2591=STYLED_ITEM('',(#2742),#3650);
#2592=STYLED_ITEM('',(#2743),#3651);
#2593=STYLED_ITEM('',(#2744),#3652);
#2594=STYLED_ITEM('',(#2745),#3653);
#2595=STYLED_ITEM('',(#2746),#3654);
#2596=STYLED_ITEM('',(#2747),#3655);
#2597=STYLED_ITEM('',(#2748),#3656);
#2598=STYLED_ITEM('',(#2749),#3657);
#2599=STYLED_ITEM('',(#2750),#3658);
#2600=STYLED_ITEM('',(#2751),#3659);
#2601=STYLED_ITEM('',(#2752),#3660);
#2602=STYLED_ITEM('',(#2753),#3661);
#2603=STYLED_ITEM('',(#2754),#3662);
#2604=STYLED_ITEM('',(#2755),#3663);
#2605=STYLED_ITEM('',(#2756),#3664);
#2606=STYLED_ITEM('',(#2757),#3665);
#2607=STYLED_ITEM('',(#2758),#3666);
#2608=STYLED_ITEM('',(#2759),#3667);
#2609=STYLED_ITEM('',(#2760),#3668);
#2610=STYLED_ITEM('',(#2761),#3669);
#2611=STYLED_ITEM('',(#2762),#3670);
#2612=STYLED_ITEM('',(#2763),#3671);
#2613=STYLED_ITEM('',(#2764),#3672);
#2614=STYLED_ITEM('',(#2765),#3673);
#2615=STYLED_ITEM('',(#2766),#3674);
#2616=STYLED_ITEM('',(#2767),#3675);
#2617=STYLED_ITEM('',(#2768),#3676);
#2618=STYLED_ITEM('',(#2769),#3677);
#2619=STYLED_ITEM('',(#2770),#3678);
#2620=STYLED_ITEM('',(#2771),#3679);
#2621=STYLED_ITEM('',(#2772),#3680);
#2622=STYLED_ITEM('',(#2773),#3681);
#2623=STYLED_ITEM('',(#2774),#3682);
#2624=STYLED_ITEM('',(#2775),#3683);
#2625=STYLED_ITEM('',(#2776),#3684);
#2626=STYLED_ITEM('',(#2777),#3685);
#2627=STYLED_ITEM('',(#2778),#3686);
#2628=STYLED_ITEM('',(#2779),#3687);
#2629=STYLED_ITEM('',(#2780),#3688);
#2630=STYLED_ITEM('',(#2781),#3689);
#2631=STYLED_ITEM('',(#2782),#3690);
#2632=STYLED_ITEM('',(#2783),#3691);
#2633=STYLED_ITEM('',(#2784),#3692);
#2634=STYLED_ITEM('',(#2785),#3693);
#2635=STYLED_ITEM('',(#2786),#3694);
#2636=STYLED_ITEM('',(#2787),#3695);
#2637=STYLED_ITEM('',(#2788),#3696);
#2638=STYLED_ITEM('',(#2789),#3697);
#2639=STYLED_ITEM('',(#2790),#3698);
#2640=STYLED_ITEM('',(#2791),#3699);
#2641=STYLED_ITEM('',(#2792),#3700);
#2642=STYLED_ITEM('',(#2793),#3701);
#2643=STYLED_ITEM('',(#2794),#3702);
#2644=STYLED_ITEM('',(#2795),#3703);
#2645=STYLED_ITEM('',(#2796),#3704);
#2646=STYLED_ITEM('',(#2797),#3705);
#2647=STYLED_ITEM('',(#2798),#3706);
#2648=STYLED_ITEM('',(#2799),#3707);
#2649=STYLED_ITEM('',(#2800),#3708);
#2650=STYLED_ITEM('',(#2801),#3709);
#2651=STYLED_ITEM('',(#2802),#3710);
#2652=STYLED_ITEM('',(#2803),#3711);
#2653=STYLED_ITEM('',(#2804),#3712);
#2654=STYLED_ITEM('',(#2805),#3713);
#2655=STYLED_ITEM('',(#2806),#3714);
#2656=STYLED_ITEM('',(#2807),#3715);
#2657=STYLED_ITEM('',(#2808),#3716);
#2658=STYLED_ITEM('',(#2809),#3717);
#2659=STYLED_ITEM('',(#2810),#3718);
#2660=STYLED_ITEM('',(#2811),#3719);
#2661=STYLED_ITEM('',(#2812),#3720);
#2662=STYLED_ITEM('',(#2813),#3721);
#2663=STYLED_ITEM('',(#2814),#3722);
#2664=STYLED_ITEM('',(#2815),#3723);
#2665=STYLED_ITEM('',(#2816),#3724);
#2666=STYLED_ITEM('',(#2817),#3725);
#2667=STYLED_ITEM('',(#2818),#3726);
#2668=STYLED_ITEM('',(#2819),#3727);
#2669=STYLED_ITEM('',(#2820),#3728);
#2670=STYLED_ITEM('',(#2821),#3729);
#2671=STYLED_ITEM('',(#2822),#3730);
#2672=STYLED_ITEM('',(#2823),#3731);
#2673=STYLED_ITEM('',(#2824),#3732);
#2674=STYLED_ITEM('',(#2825),#3733);
#2675=STYLED_ITEM('',(#2826),#3734);
#2676=STYLED_ITEM('',(#2827),#3735);
#2677=STYLED_ITEM('',(#2828),#3736);
#2678=STYLED_ITEM('',(#2829),#3737);
#2679=STYLED_ITEM('',(#2830),#3738);
#2680=STYLED_ITEM('',(#2831),#3739);
#2681=STYLED_ITEM('',(#2832),#3740);
#2682=STYLED_ITEM('',(#2833),#3741);
#2683=STYLED_ITEM('',(#2834),#3742);
#2684=STYLED_ITEM('',(#2835),#3743);
#2685=STYLED_ITEM('',(#2836),#3744);
#2686=STYLED_ITEM('',(#2837),#3745);
#2687=STYLED_ITEM('',(#2838),#3746);
#2688=STYLED_ITEM('',(#2839),#3747);
#2689=STYLED_ITEM('',(#2840),#3748);
#2690=STYLED_ITEM('',(#2841),#3749);
#2691=STYLED_ITEM('',(#2842),#3750);
#2692=STYLED_ITEM('',(#2843),#3751);
#2693=STYLED_ITEM('',(#2844),#3752);
#2694=STYLED_ITEM('',(#2845),#3753);
#2695=STYLED_ITEM('',(#2846),#3754);
#2696=STYLED_ITEM('',(#2847),#3755);
#2697=STYLED_ITEM('',(#2848),#3756);
#2698=STYLED_ITEM('',(#2849),#3757);
#2699=STYLED_ITEM('',(#2850),#3758);
#2700=STYLED_ITEM('',(#2851),#3759);
#2701=STYLED_ITEM('',(#2852),#3760);
#2702=STYLED_ITEM('',(#2853),#3761);
#2703=STYLED_ITEM('',(#2854),#3762);
#2704=STYLED_ITEM('',(#2855),#3763);
#2705=STYLED_ITEM('',(#2856),#3764);
#2706=STYLED_ITEM('',(#2857),#3765);
#2707=STYLED_ITEM('',(#2858),#3766);
#2708=STYLED_ITEM('',(#2859),#3767);
#2709=STYLED_ITEM('',(#2860),#3768);
#2710=STYLED_ITEM('',(#2861),#3769);
#2711=STYLED_ITEM('',(#2862),#3770);
#2712=STYLED_ITEM('',(#2863),#3771);
#2713=STYLED_ITEM('',(#2864),#3772);
#2714=STYLED_ITEM('',(#2865),#3773);
#2715=STYLED_ITEM('',(#2866),#3774);
#2716=STYLED_ITEM('',(#2867),#3775);
#2717=STYLED_ITEM('',(#2868),#3776);
#2718=STYLED_ITEM('',(#2869),#3777);
#2719=STYLED_ITEM('',(#2870),#3778);
#2720=STYLED_ITEM('',(#2871),#3779);
#2721=STYLED_ITEM('',(#2872),#3780);
#2722=STYLED_ITEM('',(#2873),#3781);
#2723=STYLED_ITEM('',(#2874),#3782);
#2724=STYLED_ITEM('',(#2875),#3783);
#2725=STYLED_ITEM('',(#2876),#3784);
#2726=STYLED_ITEM('',(#2877),#3785);
#2727=STYLED_ITEM('',(#2878),#3786);
#2728=STYLED_ITEM('',(#2879),#3787);
#2729=PRESENTATION_STYLE_ASSIGNMENT((#2880));
#2730=PRESENTATION_STYLE_ASSIGNMENT((#2881));
#2731=PRESENTATION_STYLE_ASSIGNMENT((#2882));
#2732=PRESENTATION_STYLE_ASSIGNMENT((#2883));
#2733=PRESENTATION_STYLE_ASSIGNMENT((#2884));
#2734=PRESENTATION_STYLE_ASSIGNMENT((#2885));
#2735=PRESENTATION_STYLE_ASSIGNMENT((#2886));
#2736=PRESENTATION_STYLE_ASSIGNMENT((#2887));
#2737=PRESENTATION_STYLE_ASSIGNMENT((#2888));
#2738=PRESENTATION_STYLE_ASSIGNMENT((#2889));
#2739=PRESENTATION_STYLE_ASSIGNMENT((#2890));
#2740=PRESENTATION_STYLE_ASSIGNMENT((#2891));
#2741=PRESENTATION_STYLE_ASSIGNMENT((#2892));
#2742=PRESENTATION_STYLE_ASSIGNMENT((#2893));
#2743=PRESENTATION_STYLE_ASSIGNMENT((#2894));
#2744=PRESENTATION_STYLE_ASSIGNMENT((#2895));
#2745=PRESENTATION_STYLE_ASSIGNMENT((#2896));
#2746=PRESENTATION_STYLE_ASSIGNMENT((#2897));
#2747=PRESENTATION_STYLE_ASSIGNMENT((#2898));
#2748=PRESENTATION_STYLE_ASSIGNMENT((#2899));
#2749=PRESENTATION_STYLE_ASSIGNMENT((#2900));
#2750=PRESENTATION_STYLE_ASSIGNMENT((#2901));
#2751=PRESENTATION_STYLE_ASSIGNMENT((#2902));
#2752=PRESENTATION_STYLE_ASSIGNMENT((#2903));
#2753=PRESENTATION_STYLE_ASSIGNMENT((#2904));
#2754=PRESENTATION_STYLE_ASSIGNMENT((#2905));
#2755=PRESENTATION_STYLE_ASSIGNMENT((#2906));
#2756=PRESENTATION_STYLE_ASSIGNMENT((#2907));
#2757=PRESENTATION_STYLE_ASSIGNMENT((#2908));
#2758=PRESENTATION_STYLE_ASSIGNMENT((#2909));
#2759=PRESENTATION_STYLE_ASSIGNMENT((#2910));
#2760=PRESENTATION_STYLE_ASSIGNMENT((#2911));
#2761=PRESENTATION_STYLE_ASSIGNMENT((#2912));
#2762=PRESENTATION_STYLE_ASSIGNMENT((#2913));
#2763=PRESENTATION_STYLE_ASSIGNMENT((#2914));
#2764=PRESENTATION_STYLE_ASSIGNMENT((#2915));
#2765=PRESENTATION_STYLE_ASSIGNMENT((#2916));
#2766=PRESENTATION_STYLE_ASSIGNMENT((#2917));
#2767=PRESENTATION_STYLE_ASSIGNMENT((#2918));
#2768=PRESENTATION_STYLE_ASSIGNMENT((#2919));
#2769=PRESENTATION_STYLE_ASSIGNMENT((#2920));
#2770=PRESENTATION_STYLE_ASSIGNMENT((#2921));
#2771=PRESENTATION_STYLE_ASSIGNMENT((#2922));
#2772=PRESENTATION_STYLE_ASSIGNMENT((#2923));
#2773=PRESENTATION_STYLE_ASSIGNMENT((#2924));
#2774=PRESENTATION_STYLE_ASSIGNMENT((#2925));
#2775=PRESENTATION_STYLE_ASSIGNMENT((#2926));
#2776=PRESENTATION_STYLE_ASSIGNMENT((#2927));
#2777=PRESENTATION_STYLE_ASSIGNMENT((#2928));
#2778=PRESENTATION_STYLE_ASSIGNMENT((#2929));
#2779=PRESENTATION_STYLE_ASSIGNMENT((#2930));
#2780=PRESENTATION_STYLE_ASSIGNMENT((#2931));
#2781=PRESENTATION_STYLE_ASSIGNMENT((#2932));
#2782=PRESENTATION_STYLE_ASSIGNMENT((#2933));
#2783=PRESENTATION_STYLE_ASSIGNMENT((#2934));
#2784=PRESENTATION_STYLE_ASSIGNMENT((#2935));
#2785=PRESENTATION_STYLE_ASSIGNMENT((#2936));
#2786=PRESENTATION_STYLE_ASSIGNMENT((#2937));
#2787=PRESENTATION_STYLE_ASSIGNMENT((#2938));
#2788=PRESENTATION_STYLE_ASSIGNMENT((#2939));
#2789=PRESENTATION_STYLE_ASSIGNMENT((#2940));
#2790=PRESENTATION_STYLE_ASSIGNMENT((#2941));
#2791=PRESENTATION_STYLE_ASSIGNMENT((#2942));
#2792=PRESENTATION_STYLE_ASSIGNMENT((#2943));
#2793=PRESENTATION_STYLE_ASSIGNMENT((#2944));
#2794=PRESENTATION_STYLE_ASSIGNMENT((#2945));
#2795=PRESENTATION_STYLE_ASSIGNMENT((#2946));
#2796=PRESENTATION_STYLE_ASSIGNMENT((#2947));
#2797=PRESENTATION_STYLE_ASSIGNMENT((#2948));
#2798=PRESENTATION_STYLE_ASSIGNMENT((#2949));
#2799=PRESENTATION_STYLE_ASSIGNMENT((#2950));
#2800=PRESENTATION_STYLE_ASSIGNMENT((#2951));
#2801=PRESENTATION_STYLE_ASSIGNMENT((#2952));
#2802=PRESENTATION_STYLE_ASSIGNMENT((#2953));
#2803=PRESENTATION_STYLE_ASSIGNMENT((#2954));
#2804=PRESENTATION_STYLE_ASSIGNMENT((#2955));
#2805=PRESENTATION_STYLE_ASSIGNMENT((#2956));
#2806=PRESENTATION_STYLE_ASSIGNMENT((#2957));
#2807=PRESENTATION_STYLE_ASSIGNMENT((#2958));
#2808=PRESENTATION_STYLE_ASSIGNMENT((#2959));
#2809=PRESENTATION_STYLE_ASSIGNMENT((#2960));
#2810=PRESENTATION_STYLE_ASSIGNMENT((#2961));
#2811=PRESENTATION_STYLE_ASSIGNMENT((#2962));
#2812=PRESENTATION_STYLE_ASSIGNMENT((#2963));
#2813=PRESENTATION_STYLE_ASSIGNMENT((#2964));
#2814=PRESENTATION_STYLE_ASSIGNMENT((#2965));
#2815=PRESENTATION_STYLE_ASSIGNMENT((#2966));
#2816=PRESENTATION_STYLE_ASSIGNMENT((#2967));
#2817=PRESENTATION_STYLE_ASSIGNMENT((#2968));
#2818=PRESENTATION_STYLE_ASSIGNMENT((#2969));
#2819=PRESENTATION_STYLE_ASSIGNMENT((#2970));
#2820=PRESENTATION_STYLE_ASSIGNMENT((#2971));
#2821=PRESENTATION_STYLE_ASSIGNMENT((#2972));
#2822=PRESENTATION_STYLE_ASSIGNMENT((#2973));
#2823=PRESENTATION_STYLE_ASSIGNMENT((#2974));
#2824=PRESENTATION_STYLE_ASSIGNMENT((#2975));
#2825=PRESENTATION_STYLE_ASSIGNMENT((#2976));
#2826=PRESENTATION_STYLE_ASSIGNMENT((#2977));
#2827=PRESENTATION_STYLE_ASSIGNMENT((#2978));
#2828=PRESENTATION_STYLE_ASSIGNMENT((#2979));
#2829=PRESENTATION_STYLE_ASSIGNMENT((#2980));
#2830=PRESENTATION_STYLE_ASSIGNMENT((#2981));
#2831=PRESENTATION_STYLE_ASSIGNMENT((#2982));
#2832=PRESENTATION_STYLE_ASSIGNMENT((#2983));
#2833=PRESENTATION_STYLE_ASSIGNMENT((#2984));
#2834=PRESENTATION_STYLE_ASSIGNMENT((#2985));
#2835=PRESENTATION_STYLE_ASSIGNMENT((#2986));
#2836=PRESENTATION_STYLE_ASSIGNMENT((#2987));
#2837=PRESENTATION_STYLE_ASSIGNMENT((#2988));
#2838=PRESENTATION_STYLE_ASSIGNMENT((#2989));
#2839=PRESENTATION_STYLE_ASSIGNMENT((#2990));
#2840=PRESENTATION_STYLE_ASSIGNMENT((#2991));
#2841=PRESENTATION_STYLE_ASSIGNMENT((#2992));
#2842=PRESENTATION_STYLE_ASSIGNMENT((#2993));
#2843=PRESENTATION_STYLE_ASSIGNMENT((#2994));
#2844=PRESENTATION_STYLE_ASSIGNMENT((#2995));
#2845=PRESENTATION_STYLE_ASSIGNMENT((#2996));
#2846=PRESENTATION_STYLE_ASSIGNMENT((#2997));
#2847=PRESENTATION_STYLE_ASSIGNMENT((#2998));
#2848=PRESENTATION_STYLE_ASSIGNMENT((#2999));
#2849=PRESENTATION_STYLE_ASSIGNMENT((#3000));
#2850=PRESENTATION_STYLE_ASSIGNMENT((#3001));
#2851=PRESENTATION_STYLE_ASSIGNMENT((#3002));
#2852=PRESENTATION_STYLE_ASSIGNMENT((#3003));
#2853=PRESENTATION_STYLE_ASSIGNMENT((#3004));
#2854=PRESENTATION_STYLE_ASSIGNMENT((#3005));
#2855=PRESENTATION_STYLE_ASSIGNMENT((#3006));
#2856=PRESENTATION_STYLE_ASSIGNMENT((#3007));
#2857=PRESENTATION_STYLE_ASSIGNMENT((#3008));
#2858=PRESENTATION_STYLE_ASSIGNMENT((#3009));
#2859=PRESENTATION_STYLE_ASSIGNMENT((#3010));
#2860=PRESENTATION_STYLE_ASSIGNMENT((#3011));
#2861=PRESENTATION_STYLE_ASSIGNMENT((#3012));
#2862=PRESENTATION_STYLE_ASSIGNMENT((#3013));
#2863=PRESENTATION_STYLE_ASSIGNMENT((#3014));
#2864=PRESENTATION_STYLE_ASSIGNMENT((#3015));
#2865=PRESENTATION_STYLE_ASSIGNMENT((#3016));
#2866=PRESENTATION_STYLE_ASSIGNMENT((#3017));
#2867=PRESENTATION_STYLE_ASSIGNMENT((#3018));
#2868=PRESENTATION_STYLE_ASSIGNMENT((#3019));
#2869=PRESENTATION_STYLE_ASSIGNMENT((#3020));
#2870=PRESENTATION_STYLE_ASSIGNMENT((#3021));
#2871=PRESENTATION_STYLE_ASSIGNMENT((#3022));
#2872=PRESENTATION_STYLE_ASSIGNMENT((#3023));
#2873=PRESENTATION_STYLE_ASSIGNMENT((#3024));
#2874=PRESENTATION_STYLE_ASSIGNMENT((#3025));
#2875=PRESENTATION_STYLE_ASSIGNMENT((#3026));
#2876=PRESENTATION_STYLE_ASSIGNMENT((#3027));
#2877=PRESENTATION_STYLE_ASSIGNMENT((#3028));
#2878=PRESENTATION_STYLE_ASSIGNMENT((#3029));
#2879=PRESENTATION_STYLE_ASSIGNMENT((#3030));
#2880=SURFACE_STYLE_USAGE(.BOTH.,#3031);
#2881=SURFACE_STYLE_USAGE(.BOTH.,#3032);
#2882=SURFACE_STYLE_USAGE(.BOTH.,#3033);
#2883=SURFACE_STYLE_USAGE(.BOTH.,#3034);
#2884=SURFACE_STYLE_USAGE(.BOTH.,#3035);
#2885=SURFACE_STYLE_USAGE(.BOTH.,#3036);
#2886=SURFACE_STYLE_USAGE(.BOTH.,#3037);
#2887=SURFACE_STYLE_USAGE(.BOTH.,#3038);
#2888=SURFACE_STYLE_USAGE(.BOTH.,#3039);
#2889=SURFACE_STYLE_USAGE(.BOTH.,#3040);
#2890=SURFACE_STYLE_USAGE(.BOTH.,#3041);
#2891=SURFACE_STYLE_USAGE(.BOTH.,#3042);
#2892=SURFACE_STYLE_USAGE(.BOTH.,#3043);
#2893=SURFACE_STYLE_USAGE(.BOTH.,#3044);
#2894=SURFACE_STYLE_USAGE(.BOTH.,#3045);
#2895=SURFACE_STYLE_USAGE(.BOTH.,#3046);
#2896=SURFACE_STYLE_USAGE(.BOTH.,#3047);
#2897=SURFACE_STYLE_USAGE(.BOTH.,#3048);
#2898=SURFACE_STYLE_USAGE(.BOTH.,#3049);
#2899=SURFACE_STYLE_USAGE(.BOTH.,#3050);
#2900=SURFACE_STYLE_USAGE(.BOTH.,#3051);
#2901=SURFACE_STYLE_USAGE(.BOTH.,#3052);
#2902=SURFACE_STYLE_USAGE(.BOTH.,#3053);
#2903=SURFACE_STYLE_USAGE(.BOTH.,#3054);
#2904=SURFACE_STYLE_USAGE(.BOTH.,#3055);
#2905=SURFACE_STYLE_USAGE(.BOTH.,#3056);
#2906=SURFACE_STYLE_USAGE(.BOTH.,#3057);
#2907=SURFACE_STYLE_USAGE(.BOTH.,#3058);
#2908=SURFACE_STYLE_USAGE(.BOTH.,#3059);
#2909=SURFACE_STYLE_USAGE(.BOTH.,#3060);
#2910=SURFACE_STYLE_USAGE(.BOTH.,#3061);
#2911=SURFACE_STYLE_USAGE(.BOTH.,#3062);
#2912=SURFACE_STYLE_USAGE(.BOTH.,#3063);
#2913=SURFACE_STYLE_USAGE(.BOTH.,#3064);
#2914=SURFACE_STYLE_USAGE(.BOTH.,#3065);
#2915=SURFACE_STYLE_USAGE(.BOTH.,#3066);
#2916=SURFACE_STYLE_USAGE(.BOTH.,#3067);
#2917=SURFACE_STYLE_USAGE(.BOTH.,#3068);
#2918=SURFACE_STYLE_USAGE(.BOTH.,#3069);
#2919=SURFACE_STYLE_USAGE(.BOTH.,#3070);
#2920=SURFACE_STYLE_USAGE(.BOTH.,#3071);
#2921=SURFACE_STYLE_USAGE(.BOTH.,#3072);
#2922=SURFACE_STYLE_USAGE(.BOTH.,#3073);
#2923=SURFACE_STYLE_USAGE(.BOTH.,#3074);
#2924=SURFACE_STYLE_USAGE(.BOTH.,#3075);
#2925=SURFACE_STYLE_USAGE(.BOTH.,#3076);
#2926=SURFACE_STYLE_USAGE(.BOTH.,#3077);
#2927=SURFACE_STYLE_USAGE(.BOTH.,#3078);
#2928=SURFACE_STYLE_USAGE(.BOTH.,#3079);
#2929=SURFACE_STYLE_USAGE(.BOTH.,#3080);
#2930=SURFACE_STYLE_USAGE(.BOTH.,#3081);
#2931=SURFACE_STYLE_USAGE(.BOTH.,#3082);
#2932=SURFACE_STYLE_USAGE(.BOTH.,#3083);
#2933=SURFACE_STYLE_USAGE(.BOTH.,#3084);
#2934=SURFACE_STYLE_USAGE(.BOTH.,#3085);
#2935=SURFACE_STYLE_USAGE(.BOTH.,#3086);
#2936=SURFACE_STYLE_USAGE(.BOTH.,#3087);
#2937=SURFACE_STYLE_USAGE(.BOTH.,#3088);
#2938=SURFACE_STYLE_USAGE(.BOTH.,#3089);
#2939=SURFACE_STYLE_USAGE(.BOTH.,#3090);
#2940=SURFACE_STYLE_USAGE(.BOTH.,#3091);
#2941=SURFACE_STYLE_USAGE(.BOTH.,#3092);
#2942=SURFACE_STYLE_USAGE(.BOTH.,#3093);
#2943=SURFACE_STYLE_USAGE(.BOTH.,#3094);
#2944=SURFACE_STYLE_USAGE(.BOTH.,#3095);
#2945=SURFACE_STYLE_USAGE(.BOTH.,#3096);
#2946=SURFACE_STYLE_USAGE(.BOTH.,#3097);
#2947=SURFACE_STYLE_USAGE(.BOTH.,#3098);
#2948=SURFACE_STYLE_USAGE(.BOTH.,#3099);
#2949=SURFACE_STYLE_USAGE(.BOTH.,#3100);
#2950=SURFACE_STYLE_USAGE(.BOTH.,#3101);
#2951=SURFACE_STYLE_USAGE(.BOTH.,#3102);
#2952=SURFACE_STYLE_USAGE(.BOTH.,#3103);
#2953=SURFACE_STYLE_USAGE(.BOTH.,#3104);
#2954=SURFACE_STYLE_USAGE(.BOTH.,#3105);
#2955=SURFACE_STYLE_USAGE(.BOTH.,#3106);
#2956=SURFACE_STYLE_USAGE(.BOTH.,#3107);
#2957=SURFACE_STYLE_USAGE(.BOTH.,#3108);
#2958=SURFACE_STYLE_USAGE(.BOTH.,#3109);
#2959=SURFACE_STYLE_USAGE(.BOTH.,#3110);
#2960=SURFACE_STYLE_USAGE(.BOTH.,#3111);
#2961=SURFACE_STYLE_USAGE(.BOTH.,#3112);
#2962=SURFACE_STYLE_USAGE(.BOTH.,#3113);
#2963=SURFACE_STYLE_USAGE(.BOTH.,#3114);
#2964=SURFACE_STYLE_USAGE(.BOTH.,#3115);
#2965=SURFACE_STYLE_USAGE(.BOTH.,#3116);
#2966=SURFACE_STYLE_USAGE(.BOTH.,#3117);
#2967=SURFACE_STYLE_USAGE(.BOTH.,#3118);
#2968=SURFACE_STYLE_USAGE(.BOTH.,#3119);
#2969=SURFACE_STYLE_USAGE(.BOTH.,#3120);
#2970=SURFACE_STYLE_USAGE(.BOTH.,#3121);
#2971=SURFACE_STYLE_USAGE(.BOTH.,#3122);
#2972=SURFACE_STYLE_USAGE(.BOTH.,#3123);
#2973=SURFACE_STYLE_USAGE(.BOTH.,#3124);
#2974=SURFACE_STYLE_USAGE(.BOTH.,#3125);
#2975=SURFACE_STYLE_USAGE(.BOTH.,#3126);
#2976=SURFACE_STYLE_USAGE(.BOTH.,#3127);
#2977=SURFACE_STYLE_USAGE(.BOTH.,#3128);
#2978=SURFACE_STYLE_USAGE(.BOTH.,#3129);
#2979=SURFACE_STYLE_USAGE(.BOTH.,#3130);
#2980=SURFACE_STYLE_USAGE(.BOTH.,#3131);
#2981=SURFACE_STYLE_USAGE(.BOTH.,#3132);
#2982=SURFACE_STYLE_USAGE(.BOTH.,#3133);
#2983=SURFACE_STYLE_USAGE(.BOTH.,#3134);
#2984=SURFACE_STYLE_USAGE(.BOTH.,#3135);
#2985=SURFACE_STYLE_USAGE(.BOTH.,#3136);
#2986=SURFACE_STYLE_USAGE(.BOTH.,#3137);
#2987=SURFACE_STYLE_USAGE(.BOTH.,#3138);
#2988=SURFACE_STYLE_USAGE(.BOTH.,#3139);
#2989=SURFACE_STYLE_USAGE(.BOTH.,#3140);
#2990=SURFACE_STYLE_USAGE(.BOTH.,#3141);
#2991=SURFACE_STYLE_USAGE(.BOTH.,#3142);
#2992=SURFACE_STYLE_USAGE(.BOTH.,#3143);
#2993=SURFACE_STYLE_USAGE(.BOTH.,#3144);
#2994=SURFACE_STYLE_USAGE(.BOTH.,#3145);
#2995=SURFACE_STYLE_USAGE(.BOTH.,#3146);
#2996=SURFACE_STYLE_USAGE(.BOTH.,#3147);
#2997=SURFACE_STYLE_USAGE(.BOTH.,#3148);
#2998=SURFACE_STYLE_USAGE(.BOTH.,#3149);
#2999=SURFACE_STYLE_USAGE(.BOTH.,#3150);
#3000=SURFACE_STYLE_USAGE(.BOTH.,#3151);
#3001=SURFACE_STYLE_USAGE(.BOTH.,#3152);
#3002=SURFACE_STYLE_USAGE(.BOTH.,#3153);
#3003=SURFACE_STYLE_USAGE(.BOTH.,#3154);
#3004=SURFACE_STYLE_USAGE(.BOTH.,#3155);
#3005=SURFACE_STYLE_USAGE(.BOTH.,#3156);
#3006=SURFACE_STYLE_USAGE(.BOTH.,#3157);
#3007=SURFACE_STYLE_USAGE(.BOTH.,#3158);
#3008=SURFACE_STYLE_USAGE(.BOTH.,#3159);
#3009=SURFACE_STYLE_USAGE(.BOTH.,#3160);
#3010=SURFACE_STYLE_USAGE(.BOTH.,#3161);
#3011=SURFACE_STYLE_USAGE(.BOTH.,#3162);
#3012=SURFACE_STYLE_USAGE(.BOTH.,#3163);
#3013=SURFACE_STYLE_USAGE(.BOTH.,#3164);
#3014=SURFACE_STYLE_USAGE(.BOTH.,#3165);
#3015=SURFACE_STYLE_USAGE(.BOTH.,#3166);
#3016=SURFACE_STYLE_USAGE(.BOTH.,#3167);
#3017=SURFACE_STYLE_USAGE(.BOTH.,#3168);
#3018=SURFACE_STYLE_USAGE(.BOTH.,#3169);
#3019=SURFACE_STYLE_USAGE(.BOTH.,#3170);
#3020=SURFACE_STYLE_USAGE(.BOTH.,#3171);
#3021=SURFACE_STYLE_USAGE(.BOTH.,#3172);
#3022=SURFACE_STYLE_USAGE(.BOTH.,#3173);
#3023=SURFACE_STYLE_USAGE(.BOTH.,#3174);
#3024=SURFACE_STYLE_USAGE(.BOTH.,#3175);
#3025=SURFACE_STYLE_USAGE(.BOTH.,#3176);
#3026=SURFACE_STYLE_USAGE(.BOTH.,#3177);
#3027=SURFACE_STYLE_USAGE(.BOTH.,#3178);
#3028=SURFACE_STYLE_USAGE(.BOTH.,#3179);
#3029=SURFACE_STYLE_USAGE(.BOTH.,#3180);
#3030=SURFACE_STYLE_USAGE(.BOTH.,#3181);
#3031=SURFACE_SIDE_STYLE('',(#3182));
#3032=SURFACE_SIDE_STYLE('',(#3183));
#3033=SURFACE_SIDE_STYLE('',(#3184));
#3034=SURFACE_SIDE_STYLE('',(#3185));
#3035=SURFACE_SIDE_STYLE('',(#3186));
#3036=SURFACE_SIDE_STYLE('',(#3187));
#3037=SURFACE_SIDE_STYLE('',(#3188));
#3038=SURFACE_SIDE_STYLE('',(#3189));
#3039=SURFACE_SIDE_STYLE('',(#3190));
#3040=SURFACE_SIDE_STYLE('',(#3191));
#3041=SURFACE_SIDE_STYLE('',(#3192));
#3042=SURFACE_SIDE_STYLE('',(#3193));
#3043=SURFACE_SIDE_STYLE('',(#3194));
#3044=SURFACE_SIDE_STYLE('',(#3195));
#3045=SURFACE_SIDE_STYLE('',(#3196));
#3046=SURFACE_SIDE_STYLE('',(#3197));
#3047=SURFACE_SIDE_STYLE('',(#3198));
#3048=SURFACE_SIDE_STYLE('',(#3199));
#3049=SURFACE_SIDE_STYLE('',(#3200));
#3050=SURFACE_SIDE_STYLE('',(#3201));
#3051=SURFACE_SIDE_STYLE('',(#3202));
#3052=SURFACE_SIDE_STYLE('',(#3203));
#3053=SURFACE_SIDE_STYLE('',(#3204));
#3054=SURFACE_SIDE_STYLE('',(#3205));
#3055=SURFACE_SIDE_STYLE('',(#3206));
#3056=SURFACE_SIDE_STYLE('',(#3207));
#3057=SURFACE_SIDE_STYLE('',(#3208));
#3058=SURFACE_SIDE_STYLE('',(#3209));
#3059=SURFACE_SIDE_STYLE('',(#3210));
#3060=SURFACE_SIDE_STYLE('',(#3211));
#3061=SURFACE_SIDE_STYLE('',(#3212));
#3062=SURFACE_SIDE_STYLE('',(#3213));
#3063=SURFACE_SIDE_STYLE('',(#3214));
#3064=SURFACE_SIDE_STYLE('',(#3215));
#3065=SURFACE_SIDE_STYLE('',(#3216));
#3066=SURFACE_SIDE_STYLE('',(#3217));
#3067=SURFACE_SIDE_STYLE('',(#3218));
#3068=SURFACE_SIDE_STYLE('',(#3219));
#3069=SURFACE_SIDE_STYLE('',(#3220));
#3070=SURFACE_SIDE_STYLE('',(#3221));
#3071=SURFACE_SIDE_STYLE('',(#3222));
#3072=SURFACE_SIDE_STYLE('',(#3223));
#3073=SURFACE_SIDE_STYLE('',(#3224));
#3074=SURFACE_SIDE_STYLE('',(#3225));
#3075=SURFACE_SIDE_STYLE('',(#3226));
#3076=SURFACE_SIDE_STYLE('',(#3227));
#3077=SURFACE_SIDE_STYLE('',(#3228));
#3078=SURFACE_SIDE_STYLE('',(#3229));
#3079=SURFACE_SIDE_STYLE('',(#3230));
#3080=SURFACE_SIDE_STYLE('',(#3231));
#3081=SURFACE_SIDE_STYLE('',(#3232));
#3082=SURFACE_SIDE_STYLE('',(#3233));
#3083=SURFACE_SIDE_STYLE('',(#3234));
#3084=SURFACE_SIDE_STYLE('',(#3235));
#3085=SURFACE_SIDE_STYLE('',(#3236));
#3086=SURFACE_SIDE_STYLE('',(#3237));
#3087=SURFACE_SIDE_STYLE('',(#3238));
#3088=SURFACE_SIDE_STYLE('',(#3239));
#3089=SURFACE_SIDE_STYLE('',(#3240));
#3090=SURFACE_SIDE_STYLE('',(#3241));
#3091=SURFACE_SIDE_STYLE('',(#3242));
#3092=SURFACE_SIDE_STYLE('',(#3243));
#3093=SURFACE_SIDE_STYLE('',(#3244));
#3094=SURFACE_SIDE_STYLE('',(#3245));
#3095=SURFACE_SIDE_STYLE('',(#3246));
#3096=SURFACE_SIDE_STYLE('',(#3247));
#3097=SURFACE_SIDE_STYLE('',(#3248));
#3098=SURFACE_SIDE_STYLE('',(#3249));
#3099=SURFACE_SIDE_STYLE('',(#3250));
#3100=SURFACE_SIDE_STYLE('',(#3251));
#3101=SURFACE_SIDE_STYLE('',(#3252));
#3102=SURFACE_SIDE_STYLE('',(#3253));
#3103=SURFACE_SIDE_STYLE('',(#3254));
#3104=SURFACE_SIDE_STYLE('',(#3255));
#3105=SURFACE_SIDE_STYLE('',(#3256));
#3106=SURFACE_SIDE_STYLE('',(#3257));
#3107=SURFACE_SIDE_STYLE('',(#3258));
#3108=SURFACE_SIDE_STYLE('',(#3259));
#3109=SURFACE_SIDE_STYLE('',(#3260));
#3110=SURFACE_SIDE_STYLE('',(#3261));
#3111=SURFACE_SIDE_STYLE('',(#3262));
#3112=SURFACE_SIDE_STYLE('',(#3263));
#3113=SURFACE_SIDE_STYLE('',(#3264));
#3114=SURFACE_SIDE_STYLE('',(#3265));
#3115=SURFACE_SIDE_STYLE('',(#3266));
#3116=SURFACE_SIDE_STYLE('',(#3267));
#3117=SURFACE_SIDE_STYLE('',(#3268));
#3118=SURFACE_SIDE_STYLE('',(#3269));
#3119=SURFACE_SIDE_STYLE('',(#3270));
#3120=SURFACE_SIDE_STYLE('',(#3271));
#3121=SURFACE_SIDE_STYLE('',(#3272));
#3122=SURFACE_SIDE_STYLE('',(#3273));
#3123=SURFACE_SIDE_STYLE('',(#3274));
#3124=SURFACE_SIDE_STYLE('',(#3275));
#3125=SURFACE_SIDE_STYLE('',(#3276));
#3126=SURFACE_SIDE_STYLE('',(#3277));
#3127=SURFACE_SIDE_STYLE('',(#3278));
#3128=SURFACE_SIDE_STYLE('',(#3279));
#3129=SURFACE_SIDE_STYLE('',(#3280));
#3130=SURFACE_SIDE_STYLE('',(#3281));
#3131=SURFACE_SIDE_STYLE('',(#3282));
#3132=SURFACE_SIDE_STYLE('',(#3283));
#3133=SURFACE_SIDE_STYLE('',(#3284));
#3134=SURFACE_SIDE_STYLE('',(#3285));
#3135=SURFACE_SIDE_STYLE('',(#3286));
#3136=SURFACE_SIDE_STYLE('',(#3287));
#3137=SURFACE_SIDE_STYLE('',(#3288));
#3138=SURFACE_SIDE_STYLE('',(#3289));
#3139=SURFACE_SIDE_STYLE('',(#3290));
#3140=SURFACE_SIDE_STYLE('',(#3291));
#3141=SURFACE_SIDE_STYLE('',(#3292));
#3142=SURFACE_SIDE_STYLE('',(#3293));
#3143=SURFACE_SIDE_STYLE('',(#3294));
#3144=SURFACE_SIDE_STYLE('',(#3295));
#3145=SURFACE_SIDE_STYLE('',(#3296));
#3146=SURFACE_SIDE_STYLE('',(#3297));
#3147=SURFACE_SIDE_STYLE('',(#3298));
#3148=SURFACE_SIDE_STYLE('',(#3299));
#3149=SURFACE_SIDE_STYLE('',(#3300));
#3150=SURFACE_SIDE_STYLE('',(#3301));
#3151=SURFACE_SIDE_STYLE('',(#3302));
#3152=SURFACE_SIDE_STYLE('',(#3303));
#3153=SURFACE_SIDE_STYLE('',(#3304));
#3154=SURFACE_SIDE_STYLE('',(#3305));
#3155=SURFACE_SIDE_STYLE('',(#3306));
#3156=SURFACE_SIDE_STYLE('',(#3307));
#3157=SURFACE_SIDE_STYLE('',(#3308));
#3158=SURFACE_SIDE_STYLE('',(#3309));
#3159=SURFACE_SIDE_STYLE('',(#3310));
#3160=SURFACE_SIDE_STYLE('',(#3311));
#3161=SURFACE_SIDE_STYLE('',(#3312));
#3162=SURFACE_SIDE_STYLE('',(#3313));
#3163=SURFACE_SIDE_STYLE('',(#3314));
#3164=SURFACE_SIDE_STYLE('',(#3315));
#3165=SURFACE_SIDE_STYLE('',(#3316));
#3166=SURFACE_SIDE_STYLE('',(#3317));
#3167=SURFACE_SIDE_STYLE('',(#3318));
#3168=SURFACE_SIDE_STYLE('',(#3319));
#3169=SURFACE_SIDE_STYLE('',(#3320));
#3170=SURFACE_SIDE_STYLE('',(#3321));
#3171=SURFACE_SIDE_STYLE('',(#3322));
#3172=SURFACE_SIDE_STYLE('',(#3323));
#3173=SURFACE_SIDE_STYLE('',(#3324));
#3174=SURFACE_SIDE_STYLE('',(#3325));
#3175=SURFACE_SIDE_STYLE('',(#3326));
#3176=SURFACE_SIDE_STYLE('',(#3327));
#3177=SURFACE_SIDE_STYLE('',(#3328));
#3178=SURFACE_SIDE_STYLE('',(#3329));
#3179=SURFACE_SIDE_STYLE('',(#3330));
#3180=SURFACE_SIDE_STYLE('',(#3331));
#3181=SURFACE_SIDE_STYLE('',(#3332));
#3182=SURFACE_STYLE_FILL_AREA(#3333);
#3183=SURFACE_STYLE_FILL_AREA(#3334);
#3184=SURFACE_STYLE_FILL_AREA(#3335);
#3185=SURFACE_STYLE_FILL_AREA(#3336);
#3186=SURFACE_STYLE_FILL_AREA(#3337);
#3187=SURFACE_STYLE_FILL_AREA(#3338);
#3188=SURFACE_STYLE_FILL_AREA(#3339);
#3189=SURFACE_STYLE_FILL_AREA(#3340);
#3190=SURFACE_STYLE_FILL_AREA(#3341);
#3191=SURFACE_STYLE_FILL_AREA(#3342);
#3192=SURFACE_STYLE_FILL_AREA(#3343);
#3193=SURFACE_STYLE_FILL_AREA(#3344);
#3194=SURFACE_STYLE_FILL_AREA(#3345);
#3195=SURFACE_STYLE_FILL_AREA(#3346);
#3196=SURFACE_STYLE_FILL_AREA(#3347);
#3197=SURFACE_STYLE_FILL_AREA(#3348);
#3198=SURFACE_STYLE_FILL_AREA(#3349);
#3199=SURFACE_STYLE_FILL_AREA(#3350);
#3200=SURFACE_STYLE_FILL_AREA(#3351);
#3201=SURFACE_STYLE_FILL_AREA(#3352);
#3202=SURFACE_STYLE_FILL_AREA(#3353);
#3203=SURFACE_STYLE_FILL_AREA(#3354);
#3204=SURFACE_STYLE_FILL_AREA(#3355);
#3205=SURFACE_STYLE_FILL_AREA(#3356);
#3206=SURFACE_STYLE_FILL_AREA(#3357);
#3207=SURFACE_STYLE_FILL_AREA(#3358);
#3208=SURFACE_STYLE_FILL_AREA(#3359);
#3209=SURFACE_STYLE_FILL_AREA(#3360);
#3210=SURFACE_STYLE_FILL_AREA(#3361);
#3211=SURFACE_STYLE_FILL_AREA(#3362);
#3212=SURFACE_STYLE_FILL_AREA(#3363);
#3213=SURFACE_STYLE_FILL_AREA(#3364);
#3214=SURFACE_STYLE_FILL_AREA(#3365);
#3215=SURFACE_STYLE_FILL_AREA(#3366);
#3216=SURFACE_STYLE_FILL_AREA(#3367);
#3217=SURFACE_STYLE_FILL_AREA(#3368);
#3218=SURFACE_STYLE_FILL_AREA(#3369);
#3219=SURFACE_STYLE_FILL_AREA(#3370);
#3220=SURFACE_STYLE_FILL_AREA(#3371);
#3221=SURFACE_STYLE_FILL_AREA(#3372);
#3222=SURFACE_STYLE_FILL_AREA(#3373);
#3223=SURFACE_STYLE_FILL_AREA(#3374);
#3224=SURFACE_STYLE_FILL_AREA(#3375);
#3225=SURFACE_STYLE_FILL_AREA(#3376);
#3226=SURFACE_STYLE_FILL_AREA(#3377);
#3227=SURFACE_STYLE_FILL_AREA(#3378);
#3228=SURFACE_STYLE_FILL_AREA(#3379);
#3229=SURFACE_STYLE_FILL_AREA(#3380);
#3230=SURFACE_STYLE_FILL_AREA(#3381);
#3231=SURFACE_STYLE_FILL_AREA(#3382);
#3232=SURFACE_STYLE_FILL_AREA(#3383);
#3233=SURFACE_STYLE_FILL_AREA(#3384);
#3234=SURFACE_STYLE_FILL_AREA(#3385);
#3235=SURFACE_STYLE_FILL_AREA(#3386);
#3236=SURFACE_STYLE_FILL_AREA(#3387);
#3237=SURFACE_STYLE_FILL_AREA(#3388);
#3238=SURFACE_STYLE_FILL_AREA(#3389);
#3239=SURFACE_STYLE_FILL_AREA(#3390);
#3240=SURFACE_STYLE_FILL_AREA(#3391);
#3241=SURFACE_STYLE_FILL_AREA(#3392);
#3242=SURFACE_STYLE_FILL_AREA(#3393);
#3243=SURFACE_STYLE_FILL_AREA(#3394);
#3244=SURFACE_STYLE_FILL_AREA(#3395);
#3245=SURFACE_STYLE_FILL_AREA(#3396);
#3246=SURFACE_STYLE_FILL_AREA(#3397);
#3247=SURFACE_STYLE_FILL_AREA(#3398);
#3248=SURFACE_STYLE_FILL_AREA(#3399);
#3249=SURFACE_STYLE_FILL_AREA(#3400);
#3250=SURFACE_STYLE_FILL_AREA(#3401);
#3251=SURFACE_STYLE_FILL_AREA(#3402);
#3252=SURFACE_STYLE_FILL_AREA(#3403);
#3253=SURFACE_STYLE_FILL_AREA(#3404);
#3254=SURFACE_STYLE_FILL_AREA(#3405);
#3255=SURFACE_STYLE_FILL_AREA(#3406);
#3256=SURFACE_STYLE_FILL_AREA(#3407);
#3257=SURFACE_STYLE_FILL_AREA(#3408);
#3258=SURFACE_STYLE_FILL_AREA(#3409);
#3259=SURFACE_STYLE_FILL_AREA(#3410);
#3260=SURFACE_STYLE_FILL_AREA(#3411);
#3261=SURFACE_STYLE_FILL_AREA(#3412);
#3262=SURFACE_STYLE_FILL_AREA(#3413);
#3263=SURFACE_STYLE_FILL_AREA(#3414);
#3264=SURFACE_STYLE_FILL_AREA(#3415);
#3265=SURFACE_STYLE_FILL_AREA(#3416);
#3266=SURFACE_STYLE_FILL_AREA(#3417);
#3267=SURFACE_STYLE_FILL_AREA(#3418);
#3268=SURFACE_STYLE_FILL_AREA(#3419);
#3269=SURFACE_STYLE_FILL_AREA(#3420);
#3270=SURFACE_STYLE_FILL_AREA(#3421);
#3271=SURFACE_STYLE_FILL_AREA(#3422);
#3272=SURFACE_STYLE_FILL_AREA(#3423);
#3273=SURFACE_STYLE_FILL_AREA(#3424);
#3274=SURFACE_STYLE_FILL_AREA(#3425);
#3275=SURFACE_STYLE_FILL_AREA(#3426);
#3276=SURFACE_STYLE_FILL_AREA(#3427);
#3277=SURFACE_STYLE_FILL_AREA(#3428);
#3278=SURFACE_STYLE_FILL_AREA(#3429);
#3279=SURFACE_STYLE_FILL_AREA(#3430);
#3280=SURFACE_STYLE_FILL_AREA(#3431);
#3281=SURFACE_STYLE_FILL_AREA(#3432);
#3282=SURFACE_STYLE_FILL_AREA(#3433);
#3283=SURFACE_STYLE_FILL_AREA(#3434);
#3284=SURFACE_STYLE_FILL_AREA(#3435);
#3285=SURFACE_STYLE_FILL_AREA(#3436);
#3286=SURFACE_STYLE_FILL_AREA(#3437);
#3287=SURFACE_STYLE_FILL_AREA(#3438);
#3288=SURFACE_STYLE_FILL_AREA(#3439);
#3289=SURFACE_STYLE_FILL_AREA(#3440);
#3290=SURFACE_STYLE_FILL_AREA(#3441);
#3291=SURFACE_STYLE_FILL_AREA(#3442);
#3292=SURFACE_STYLE_FILL_AREA(#3443);
#3293=SURFACE_STYLE_FILL_AREA(#3444);
#3294=SURFACE_STYLE_FILL_AREA(#3445);
#3295=SURFACE_STYLE_FILL_AREA(#3446);
#3296=SURFACE_STYLE_FILL_AREA(#3447);
#3297=SURFACE_STYLE_FILL_AREA(#3448);
#3298=SURFACE_STYLE_FILL_AREA(#3449);
#3299=SURFACE_STYLE_FILL_AREA(#3450);
#3300=SURFACE_STYLE_FILL_AREA(#3451);
#3301=SURFACE_STYLE_FILL_AREA(#3452);
#3302=SURFACE_STYLE_FILL_AREA(#3453);
#3303=SURFACE_STYLE_FILL_AREA(#3454);
#3304=SURFACE_STYLE_FILL_AREA(#3455);
#3305=SURFACE_STYLE_FILL_AREA(#3456);
#3306=SURFACE_STYLE_FILL_AREA(#3457);
#3307=SURFACE_STYLE_FILL_AREA(#3458);
#3308=SURFACE_STYLE_FILL_AREA(#3459);
#3309=SURFACE_STYLE_FILL_AREA(#3460);
#3310=SURFACE_STYLE_FILL_AREA(#3461);
#3311=SURFACE_STYLE_FILL_AREA(#3462);
#3312=SURFACE_STYLE_FILL_AREA(#3463);
#3313=SURFACE_STYLE_FILL_AREA(#3464);
#3314=SURFACE_STYLE_FILL_AREA(#3465);
#3315=SURFACE_STYLE_FILL_AREA(#3466);
#3316=SURFACE_STYLE_FILL_AREA(#3467);
#3317=SURFACE_STYLE_FILL_AREA(#3468);
#3318=SURFACE_STYLE_FILL_AREA(#3469);
#3319=SURFACE_STYLE_FILL_AREA(#3470);
#3320=SURFACE_STYLE_FILL_AREA(#3471);
#3321=SURFACE_STYLE_FILL_AREA(#3472);
#3322=SURFACE_STYLE_FILL_AREA(#3473);
#3323=SURFACE_STYLE_FILL_AREA(#3474);
#3324=SURFACE_STYLE_FILL_AREA(#3475);
#3325=SURFACE_STYLE_FILL_AREA(#3476);
#3326=SURFACE_STYLE_FILL_AREA(#3477);
#3327=SURFACE_STYLE_FILL_AREA(#3478);
#3328=SURFACE_STYLE_FILL_AREA(#3479);
#3329=SURFACE_STYLE_FILL_AREA(#3480);
#3330=SURFACE_STYLE_FILL_AREA(#3481);
#3331=SURFACE_STYLE_FILL_AREA(#3482);
#3332=SURFACE_STYLE_FILL_AREA(#3483);
#3333=FILL_AREA_STYLE('',(#3484));
#3334=FILL_AREA_STYLE('',(#3485));
#3335=FILL_AREA_STYLE('',(#3486));
#3336=FILL_AREA_STYLE('',(#3487));
#3337=FILL_AREA_STYLE('',(#3488));
#3338=FILL_AREA_STYLE('',(#3489));
#3339=FILL_AREA_STYLE('',(#3490));
#3340=FILL_AREA_STYLE('',(#3491));
#3341=FILL_AREA_STYLE('',(#3492));
#3342=FILL_AREA_STYLE('',(#3493));
#3343=FILL_AREA_STYLE('',(#3494));
#3344=FILL_AREA_STYLE('',(#3495));
#3345=FILL_AREA_STYLE('',(#3496));
#3346=FILL_AREA_STYLE('',(#3497));
#3347=FILL_AREA_STYLE('',(#3498));
#3348=FILL_AREA_STYLE('',(#3499));
#3349=FILL_AREA_STYLE('',(#3500));
#3350=FILL_AREA_STYLE('',(#3501));
#3351=FILL_AREA_STYLE('',(#3502));
#3352=FILL_AREA_STYLE('',(#3503));
#3353=FILL_AREA_STYLE('',(#3504));
#3354=FILL_AREA_STYLE('',(#3505));
#3355=FILL_AREA_STYLE('',(#3506));
#3356=FILL_AREA_STYLE('',(#3507));
#3357=FILL_AREA_STYLE('',(#3508));
#3358=FILL_AREA_STYLE('',(#3509));
#3359=FILL_AREA_STYLE('',(#3510));
#3360=FILL_AREA_STYLE('',(#3511));
#3361=FILL_AREA_STYLE('',(#3512));
#3362=FILL_AREA_STYLE('',(#3513));
#3363=FILL_AREA_STYLE('',(#3514));
#3364=FILL_AREA_STYLE('',(#3515));
#3365=FILL_AREA_STYLE('',(#3516));
#3366=FILL_AREA_STYLE('',(#3517));
#3367=FILL_AREA_STYLE('',(#3518));
#3368=FILL_AREA_STYLE('',(#3519));
#3369=FILL_AREA_STYLE('',(#3520));
#3370=FILL_AREA_STYLE('',(#3521));
#3371=FILL_AREA_STYLE('',(#3522));
#3372=FILL_AREA_STYLE('',(#3523));
#3373=FILL_AREA_STYLE('',(#3524));
#3374=FILL_AREA_STYLE('',(#3525));
#3375=FILL_AREA_STYLE('',(#3526));
#3376=FILL_AREA_STYLE('',(#3527));
#3377=FILL_AREA_STYLE('',(#3528));
#3378=FILL_AREA_STYLE('',(#3529));
#3379=FILL_AREA_STYLE('',(#3530));
#3380=FILL_AREA_STYLE('',(#3531));
#3381=FILL_AREA_STYLE('',(#3532));
#3382=FILL_AREA_STYLE('',(#3533));
#3383=FILL_AREA_STYLE('',(#3534));
#3384=FILL_AREA_STYLE('',(#3535));
#3385=FILL_AREA_STYLE('',(#3536));
#3386=FILL_AREA_STYLE('',(#3537));
#3387=FILL_AREA_STYLE('',(#3538));
#3388=FILL_AREA_STYLE('',(#3539));
#3389=FILL_AREA_STYLE('',(#3540));
#3390=FILL_AREA_STYLE('',(#3541));
#3391=FILL_AREA_STYLE('',(#3542));
#3392=FILL_AREA_STYLE('',(#3543));
#3393=FILL_AREA_STYLE('',(#3544));
#3394=FILL_AREA_STYLE('',(#3545));
#3395=FILL_AREA_STYLE('',(#3546));
#3396=FILL_AREA_STYLE('',(#3547));
#3397=FILL_AREA_STYLE('',(#3548));
#3398=FILL_AREA_STYLE('',(#3549));
#3399=FILL_AREA_STYLE('',(#3550));
#3400=FILL_AREA_STYLE('',(#3551));
#3401=FILL_AREA_STYLE('',(#3552));
#3402=FILL_AREA_STYLE('',(#3553));
#3403=FILL_AREA_STYLE('',(#3554));
#3404=FILL_AREA_STYLE('',(#3555));
#3405=FILL_AREA_STYLE('',(#3556));
#3406=FILL_AREA_STYLE('',(#3557));
#3407=FILL_AREA_STYLE('',(#3558));
#3408=FILL_AREA_STYLE('',(#3559));
#3409=FILL_AREA_STYLE('',(#3560));
#3410=FILL_AREA_STYLE('',(#3561));
#3411=FILL_AREA_STYLE('',(#3562));
#3412=FILL_AREA_STYLE('',(#3563));
#3413=FILL_AREA_STYLE('',(#3564));
#3414=FILL_AREA_STYLE('',(#3565));
#3415=FILL_AREA_STYLE('',(#3566));
#3416=FILL_AREA_STYLE('',(#3567));
#3417=FILL_AREA_STYLE('',(#3568));
#3418=FILL_AREA_STYLE('',(#3569));
#3419=FILL_AREA_STYLE('',(#3570));
#3420=FILL_AREA_STYLE('',(#3571));
#3421=FILL_AREA_STYLE('',(#3572));
#3422=FILL_AREA_STYLE('',(#3573));
#3423=FILL_AREA_STYLE('',(#3574));
#3424=FILL_AREA_STYLE('',(#3575));
#3425=FILL_AREA_STYLE('',(#3576));
#3426=FILL_AREA_STYLE('',(#3577));
#3427=FILL_AREA_STYLE('',(#3578));
#3428=FILL_AREA_STYLE('',(#3579));
#3429=FILL_AREA_STYLE('',(#3580));
#3430=FILL_AREA_STYLE('',(#3581));
#3431=FILL_AREA_STYLE('',(#3582));
#3432=FILL_AREA_STYLE('',(#3583));
#3433=FILL_AREA_STYLE('',(#3584));
#3434=FILL_AREA_STYLE('',(#3585));
#3435=FILL_AREA_STYLE('',(#3586));
#3436=FILL_AREA_STYLE('',(#3587));
#3437=FILL_AREA_STYLE('',(#3588));
#3438=FILL_AREA_STYLE('',(#3589));
#3439=FILL_AREA_STYLE('',(#3590));
#3440=FILL_AREA_STYLE('',(#3591));
#3441=FILL_AREA_STYLE('',(#3592));
#3442=FILL_AREA_STYLE('',(#3593));
#3443=FILL_AREA_STYLE('',(#3594));
#3444=FILL_AREA_STYLE('',(#3595));
#3445=FILL_AREA_STYLE('',(#3596));
#3446=FILL_AREA_STYLE('',(#3597));
#3447=FILL_AREA_STYLE('',(#3598));
#3448=FILL_AREA_STYLE('',(#3599));
#3449=FILL_AREA_STYLE('',(#3600));
#3450=FILL_AREA_STYLE('',(#3601));
#3451=FILL_AREA_STYLE('',(#3602));
#3452=FILL_AREA_STYLE('',(#3603));
#3453=FILL_AREA_STYLE('',(#3604));
#3454=FILL_AREA_STYLE('',(#3605));
#3455=FILL_AREA_STYLE('',(#3606));
#3456=FILL_AREA_STYLE('',(#3607));
#3457=FILL_AREA_STYLE('',(#3608));
#3458=FILL_AREA_STYLE('',(#3609));
#3459=FILL_AREA_STYLE('',(#3610));
#3460=FILL_AREA_STYLE('',(#3611));
#3461=FILL_AREA_STYLE('',(#3612));
#3462=FILL_AREA_STYLE('',(#3613));
#3463=FILL_AREA_STYLE('',(#3614));
#3464=FILL_AREA_STYLE('',(#3615));
#3465=FILL_AREA_STYLE('',(#3616));
#3466=FILL_AREA_STYLE('',(#3617));
#3467=FILL_AREA_STYLE('',(#3618));
#3468=FILL_AREA_STYLE('',(#3619));
#3469=FILL_AREA_STYLE('',(#3620));
#3470=FILL_AREA_STYLE('',(#3621));
#3471=FILL_AREA_STYLE('',(#3622));
#3472=FILL_AREA_STYLE('',(#3623));
#3473=FILL_AREA_STYLE('',(#3624));
#3474=FILL_AREA_STYLE('',(#3625));
#3475=FILL_AREA_STYLE('',(#3626));
#3476=FILL_AREA_STYLE('',(#3627));
#3477=FILL_AREA_STYLE('',(#3628));
#3478=FILL_AREA_STYLE('',(#3629));
#3479=FILL_AREA_STYLE('',(#3630));
#3480=FILL_AREA_STYLE('',(#3631));
#3481=FILL_AREA_STYLE('',(#3632));
#3482=FILL_AREA_STYLE('',(#3633));
#3483=FILL_AREA_STYLE('',(#3634));
#3484=FILL_AREA_STYLE_COLOUR('',#3635);
#3485=FILL_AREA_STYLE_COLOUR('',#3636);
#3486=FILL_AREA_STYLE_COLOUR('',#3636);
#3487=FILL_AREA_STYLE_COLOUR('',#3636);
#3488=FILL_AREA_STYLE_COLOUR('',#3636);
#3489=FILL_AREA_STYLE_COLOUR('',#3636);
#3490=FILL_AREA_STYLE_COLOUR('',#3636);
#3491=FILL_AREA_STYLE_COLOUR('',#3636);
#3492=FILL_AREA_STYLE_COLOUR('',#3636);
#3493=FILL_AREA_STYLE_COLOUR('',#3636);
#3494=FILL_AREA_STYLE_COLOUR('',#3636);
#3495=FILL_AREA_STYLE_COLOUR('',#3636);
#3496=FILL_AREA_STYLE_COLOUR('',#3636);
#3497=FILL_AREA_STYLE_COLOUR('',#3636);
#3498=FILL_AREA_STYLE_COLOUR('',#3636);
#3499=FILL_AREA_STYLE_COLOUR('',#3636);
#3500=FILL_AREA_STYLE_COLOUR('',#3636);
#3501=FILL_AREA_STYLE_COLOUR('',#3636);
#3502=FILL_AREA_STYLE_COLOUR('',#3636);
#3503=FILL_AREA_STYLE_COLOUR('',#3636);
#3504=FILL_AREA_STYLE_COLOUR('',#3636);
#3505=FILL_AREA_STYLE_COLOUR('',#3636);
#3506=FILL_AREA_STYLE_COLOUR('',#3636);
#3507=FILL_AREA_STYLE_COLOUR('',#3636);
#3508=FILL_AREA_STYLE_COLOUR('',#3636);
#3509=FILL_AREA_STYLE_COLOUR('',#3636);
#3510=FILL_AREA_STYLE_COLOUR('',#3636);
#3511=FILL_AREA_STYLE_COLOUR('',#3636);
#3512=FILL_AREA_STYLE_COLOUR('',#3636);
#3513=FILL_AREA_STYLE_COLOUR('',#3636);
#3514=FILL_AREA_STYLE_COLOUR('',#3636);
#3515=FILL_AREA_STYLE_COLOUR('',#3636);
#3516=FILL_AREA_STYLE_COLOUR('',#3636);
#3517=FILL_AREA_STYLE_COLOUR('',#3636);
#3518=FILL_AREA_STYLE_COLOUR('',#3636);
#3519=FILL_AREA_STYLE_COLOUR('',#3635);
#3520=FILL_AREA_STYLE_COLOUR('',#3635);
#3521=FILL_AREA_STYLE_COLOUR('',#3635);
#3522=FILL_AREA_STYLE_COLOUR('',#3635);
#3523=FILL_AREA_STYLE_COLOUR('',#3635);
#3524=FILL_AREA_STYLE_COLOUR('',#3635);
#3525=FILL_AREA_STYLE_COLOUR('',#3635);
#3526=FILL_AREA_STYLE_COLOUR('',#3635);
#3527=FILL_AREA_STYLE_COLOUR('',#3635);
#3528=FILL_AREA_STYLE_COLOUR('',#3635);
#3529=FILL_AREA_STYLE_COLOUR('',#3635);
#3530=FILL_AREA_STYLE_COLOUR('',#3635);
#3531=FILL_AREA_STYLE_COLOUR('',#3635);
#3532=FILL_AREA_STYLE_COLOUR('',#3635);
#3533=FILL_AREA_STYLE_COLOUR('',#3635);
#3534=FILL_AREA_STYLE_COLOUR('',#3635);
#3535=FILL_AREA_STYLE_COLOUR('',#3635);
#3536=FILL_AREA_STYLE_COLOUR('',#3635);
#3537=FILL_AREA_STYLE_COLOUR('',#3635);
#3538=FILL_AREA_STYLE_COLOUR('',#3635);
#3539=FILL_AREA_STYLE_COLOUR('',#3635);
#3540=FILL_AREA_STYLE_COLOUR('',#3636);
#3541=FILL_AREA_STYLE_COLOUR('',#3636);
#3542=FILL_AREA_STYLE_COLOUR('',#3635);
#3543=FILL_AREA_STYLE_COLOUR('',#3635);
#3544=FILL_AREA_STYLE_COLOUR('',#3636);
#3545=FILL_AREA_STYLE_COLOUR('',#3636);
#3546=FILL_AREA_STYLE_COLOUR('',#3635);
#3547=FILL_AREA_STYLE_COLOUR('',#3635);
#3548=FILL_AREA_STYLE_COLOUR('',#3635);
#3549=FILL_AREA_STYLE_COLOUR('',#3635);
#3550=FILL_AREA_STYLE_COLOUR('',#3635);
#3551=FILL_AREA_STYLE_COLOUR('',#3635);
#3552=FILL_AREA_STYLE_COLOUR('',#3635);
#3553=FILL_AREA_STYLE_COLOUR('',#3635);
#3554=FILL_AREA_STYLE_COLOUR('',#3635);
#3555=FILL_AREA_STYLE_COLOUR('',#3635);
#3556=FILL_AREA_STYLE_COLOUR('',#3635);
#3557=FILL_AREA_STYLE_COLOUR('',#3635);
#3558=FILL_AREA_STYLE_COLOUR('',#3635);
#3559=FILL_AREA_STYLE_COLOUR('',#3635);
#3560=FILL_AREA_STYLE_COLOUR('',#3635);
#3561=FILL_AREA_STYLE_COLOUR('',#3635);
#3562=FILL_AREA_STYLE_COLOUR('',#3635);
#3563=FILL_AREA_STYLE_COLOUR('',#3635);
#3564=FILL_AREA_STYLE_COLOUR('',#3635);
#3565=FILL_AREA_STYLE_COLOUR('',#3635);
#3566=FILL_AREA_STYLE_COLOUR('',#3635);
#3567=FILL_AREA_STYLE_COLOUR('',#3635);
#3568=FILL_AREA_STYLE_COLOUR('',#3635);
#3569=FILL_AREA_STYLE_COLOUR('',#3635);
#3570=FILL_AREA_STYLE_COLOUR('',#3635);
#3571=FILL_AREA_STYLE_COLOUR('',#3635);
#3572=FILL_AREA_STYLE_COLOUR('',#3635);
#3573=FILL_AREA_STYLE_COLOUR('',#3635);
#3574=FILL_AREA_STYLE_COLOUR('',#3635);
#3575=FILL_AREA_STYLE_COLOUR('',#3635);
#3576=FILL_AREA_STYLE_COLOUR('',#3635);
#3577=FILL_AREA_STYLE_COLOUR('',#3635);
#3578=FILL_AREA_STYLE_COLOUR('',#3635);
#3579=FILL_AREA_STYLE_COLOUR('',#3635);
#3580=FILL_AREA_STYLE_COLOUR('',#3635);
#3581=FILL_AREA_STYLE_COLOUR('',#3635);
#3582=FILL_AREA_STYLE_COLOUR('',#3635);
#3583=FILL_AREA_STYLE_COLOUR('',#3635);
#3584=FILL_AREA_STYLE_COLOUR('',#3635);
#3585=FILL_AREA_STYLE_COLOUR('',#3635);
#3586=FILL_AREA_STYLE_COLOUR('',#3635);
#3587=FILL_AREA_STYLE_COLOUR('',#3635);
#3588=FILL_AREA_STYLE_COLOUR('',#3635);
#3589=FILL_AREA_STYLE_COLOUR('',#3635);
#3590=FILL_AREA_STYLE_COLOUR('',#3635);
#3591=FILL_AREA_STYLE_COLOUR('',#3635);
#3592=FILL_AREA_STYLE_COLOUR('',#3635);
#3593=FILL_AREA_STYLE_COLOUR('',#3635);
#3594=FILL_AREA_STYLE_COLOUR('',#3636);
#3595=FILL_AREA_STYLE_COLOUR('',#3635);
#3596=FILL_AREA_STYLE_COLOUR('',#3636);
#3597=FILL_AREA_STYLE_COLOUR('',#3635);
#3598=FILL_AREA_STYLE_COLOUR('',#3636);
#3599=FILL_AREA_STYLE_COLOUR('',#3635);
#3600=FILL_AREA_STYLE_COLOUR('',#3635);
#3601=FILL_AREA_STYLE_COLOUR('',#3635);
#3602=FILL_AREA_STYLE_COLOUR('',#3635);
#3603=FILL_AREA_STYLE_COLOUR('',#3635);
#3604=FILL_AREA_STYLE_COLOUR('',#3635);
#3605=FILL_AREA_STYLE_COLOUR('',#3635);
#3606=FILL_AREA_STYLE_COLOUR('',#3635);
#3607=FILL_AREA_STYLE_COLOUR('',#3635);
#3608=FILL_AREA_STYLE_COLOUR('',#3636);
#3609=FILL_AREA_STYLE_COLOUR('',#3635);
#3610=FILL_AREA_STYLE_COLOUR('',#3636);
#3611=FILL_AREA_STYLE_COLOUR('',#3635);
#3612=FILL_AREA_STYLE_COLOUR('',#3636);
#3613=FILL_AREA_STYLE_COLOUR('',#3636);
#3614=FILL_AREA_STYLE_COLOUR('',#3635);
#3615=FILL_AREA_STYLE_COLOUR('',#3636);
#3616=FILL_AREA_STYLE_COLOUR('',#3635);
#3617=FILL_AREA_STYLE_COLOUR('',#3636);
#3618=FILL_AREA_STYLE_COLOUR('',#3636);
#3619=FILL_AREA_STYLE_COLOUR('',#3636);
#3620=FILL_AREA_STYLE_COLOUR('',#3636);
#3621=FILL_AREA_STYLE_COLOUR('',#3636);
#3622=FILL_AREA_STYLE_COLOUR('',#3636);
#3623=FILL_AREA_STYLE_COLOUR('',#3636);
#3624=FILL_AREA_STYLE_COLOUR('',#3636);
#3625=FILL_AREA_STYLE_COLOUR('',#3636);
#3626=FILL_AREA_STYLE_COLOUR('',#3636);
#3627=FILL_AREA_STYLE_COLOUR('',#3636);
#3628=FILL_AREA_STYLE_COLOUR('',#3636);
#3629=FILL_AREA_STYLE_COLOUR('',#3636);
#3630=FILL_AREA_STYLE_COLOUR('',#3636);
#3631=FILL_AREA_STYLE_COLOUR('',#3636);
#3632=FILL_AREA_STYLE_COLOUR('',#3636);
#3633=FILL_AREA_STYLE_COLOUR('',#3636);
#3634=FILL_AREA_STYLE_COLOUR('',#3636);
#3635=COLOUR_RGB('',0.699999988079071,0.699999988079071,0.699999988079071);
#3636=COLOUR_RGB('',0.200000002980232,0.200000002980232,0.200000002980232);
#3637=ADVANCED_FACE('',(#2334),#2487,.F.);
#3638=ADVANCED_FACE('',(#2335),#2488,.T.);
#3639=ADVANCED_FACE('',(#2336),#130,.F.);
#3640=ADVANCED_FACE('',(#2337),#2489,.T.);
#3641=ADVANCED_FACE('',(#2338),#2490,.T.);
#3642=ADVANCED_FACE('',(#2339),#131,.T.);
#3643=ADVANCED_FACE('',(#2340),#2491,.T.);
#3644=ADVANCED_FACE('',(#2341),#132,.T.);
#3645=ADVANCED_FACE('',(#2342),#2492,.T.);
#3646=ADVANCED_FACE('',(#2343),#133,.T.);
#3647=ADVANCED_FACE('',(#2344),#2493,.T.);
#3648=ADVANCED_FACE('',(#2345),#2494,.F.);
#3649=ADVANCED_FACE('',(#2346),#134,.T.);
#3650=ADVANCED_FACE('',(#2347),#26,.T.);
#3651=ADVANCED_FACE('',(#2348),#135,.T.);
#3652=ADVANCED_FACE('',(#2349),#27,.T.);
#3653=ADVANCED_FACE('',(#2350),#136,.T.);
#3654=ADVANCED_FACE('',(#2351),#28,.T.);
#3655=ADVANCED_FACE('',(#2352),#137,.T.);
#3656=ADVANCED_FACE('',(#2353),#24,.T.);
#3657=ADVANCED_FACE('',(#2354),#138,.T.);
#3658=ADVANCED_FACE('',(#2355),#139,.T.);
#3659=ADVANCED_FACE('',(#2356),#29,.T.);
#3660=ADVANCED_FACE('',(#2357),#140,.T.);
#3661=ADVANCED_FACE('',(#2358),#30,.T.);
#3662=ADVANCED_FACE('',(#2359),#141,.T.);
#3663=ADVANCED_FACE('',(#2360),#31,.T.);
#3664=ADVANCED_FACE('',(#2361),#142,.T.);
#3665=ADVANCED_FACE('',(#2362),#25,.T.);
#3666=ADVANCED_FACE('',(#2363),#143,.T.);
#3667=ADVANCED_FACE('',(#2364),#2495,.T.);
#3668=ADVANCED_FACE('',(#2365),#2496,.T.);
#3669=ADVANCED_FACE('',(#2366),#2497,.T.);
#3670=ADVANCED_FACE('',(#2367),#2498,.T.);
#3671=ADVANCED_FACE('',(#2368,#2369),#2499,.T.);
#3672=ADVANCED_FACE('',(#2370),#2500,.F.);
#3673=ADVANCED_FACE('',(#2371),#2501,.F.);
#3674=ADVANCED_FACE('',(#2372),#2502,.F.);
#3675=ADVANCED_FACE('',(#2373),#2503,.F.);
#3676=ADVANCED_FACE('',(#2374),#2504,.F.);
#3677=ADVANCED_FACE('',(#2375),#144,.T.);
#3678=ADVANCED_FACE('',(#2376),#2505,.F.);
#3679=ADVANCED_FACE('',(#2377),#145,.F.);
#3680=ADVANCED_FACE('',(#2378),#2506,.T.);
#3681=ADVANCED_FACE('',(#2379),#146,.F.);
#3682=ADVANCED_FACE('',(#2380),#2507,.T.);
#3683=ADVANCED_FACE('',(#2381),#2508,.T.);
#3684=ADVANCED_FACE('',(#2382),#2509,.T.);
#3685=ADVANCED_FACE('',(#2383),#2510,.F.);
#3686=ADVANCED_FACE('',(#2384),#2511,.F.);
#3687=ADVANCED_FACE('',(#2385),#2512,.F.);
#3688=ADVANCED_FACE('',(#2386),#2513,.F.);
#3689=ADVANCED_FACE('',(#2387),#2514,.F.);
#3690=ADVANCED_FACE('',(#2388),#2515,.F.);
#3691=ADVANCED_FACE('',(#2389),#2516,.F.);
#3692=ADVANCED_FACE('',(#2390),#2517,.F.);
#3693=ADVANCED_FACE('',(#2391),#2518,.F.);
#3694=ADVANCED_FACE('',(#2392),#2519,.T.);
#3695=ADVANCED_FACE('',(#2393),#2520,.F.);
#3696=ADVANCED_FACE('',(#2394),#2521,.F.);
#3697=ADVANCED_FACE('',(#2395),#2522,.T.);
#3698=ADVANCED_FACE('',(#2396),#2523,.T.);
#3699=ADVANCED_FACE('',(#2397),#2524,.F.);
#3700=ADVANCED_FACE('',(#2398),#2525,.T.);
#3701=ADVANCED_FACE('',(#2399),#147,.F.);
#3702=ADVANCED_FACE('',(#2400),#2526,.F.);
#3703=ADVANCED_FACE('',(#2401),#148,.F.);
#3704=ADVANCED_FACE('',(#2402),#2527,.F.);
#3705=ADVANCED_FACE('',(#2403),#149,.T.);
#3706=ADVANCED_FACE('',(#2404),#2528,.F.);
#3707=ADVANCED_FACE('',(#2405),#150,.T.);
#3708=ADVANCED_FACE('',(#2406),#2529,.F.);
#3709=ADVANCED_FACE('',(#2407),#151,.F.);
#3710=ADVANCED_FACE('',(#2408),#2530,.F.);
#3711=ADVANCED_FACE('',(#2409),#152,.F.);
#3712=ADVANCED_FACE('',(#2410),#2531,.F.);
#3713=ADVANCED_FACE('',(#2411),#2532,.T.);
#3714=ADVANCED_FACE('',(#2412),#2533,.F.);
#3715=ADVANCED_FACE('',(#2413),#2534,.F.);
#3716=ADVANCED_FACE('',(#2414),#2535,.F.);
#3717=ADVANCED_FACE('',(#2415),#153,.F.);
#3718=ADVANCED_FACE('',(#2416),#2536,.F.);
#3719=ADVANCED_FACE('',(#2417),#2537,.T.);
#3720=ADVANCED_FACE('',(#2418),#154,.F.);
#3721=ADVANCED_FACE('',(#2419),#2538,.T.);
#3722=ADVANCED_FACE('',(#2420),#155,.F.);
#3723=ADVANCED_FACE('',(#2421),#2539,.T.);
#3724=ADVANCED_FACE('',(#2422),#156,.T.);
#3725=ADVANCED_FACE('',(#2423),#2540,.T.);
#3726=ADVANCED_FACE('',(#2424),#157,.T.);
#3727=ADVANCED_FACE('',(#2425),#2541,.T.);
#3728=ADVANCED_FACE('',(#2426),#158,.F.);
#3729=ADVANCED_FACE('',(#2427),#2542,.T.);
#3730=ADVANCED_FACE('',(#2428),#159,.F.);
#3731=ADVANCED_FACE('',(#2429),#2543,.T.);
#3732=ADVANCED_FACE('',(#2430),#160,.F.);
#3733=ADVANCED_FACE('',(#2431),#2544,.F.);
#3734=ADVANCED_FACE('',(#2432),#161,.T.);
#3735=ADVANCED_FACE('',(#2433),#2545,.T.);
#3736=ADVANCED_FACE('',(#2434),#2546,.F.);
#3737=ADVANCED_FACE('',(#2435),#2547,.F.);
#3738=ADVANCED_FACE('',(#2436),#162,.F.);
#3739=ADVANCED_FACE('',(#2437),#2548,.T.);
#3740=ADVANCED_FACE('',(#2438),#2549,.F.);
#3741=ADVANCED_FACE('',(#2439),#163,.F.);
#3742=ADVANCED_FACE('',(#2440),#2550,.F.);
#3743=ADVANCED_FACE('',(#2441),#2551,.T.);
#3744=ADVANCED_FACE('',(#2442),#2552,.F.);
#3745=ADVANCED_FACE('',(#2443),#2553,.F.);
#3746=ADVANCED_FACE('',(#2444),#2554,.F.);
#3747=ADVANCED_FACE('',(#2445),#2555,.F.);
#3748=ADVANCED_FACE('',(#2446),#2556,.F.);
#3749=ADVANCED_FACE('',(#2447),#2557,.T.);
#3750=ADVANCED_FACE('',(#2448),#2558,.F.);
#3751=ADVANCED_FACE('',(#2449),#2559,.T.);
#3752=ADVANCED_FACE('',(#2450),#2560,.F.);
#3753=ADVANCED_FACE('',(#2451),#2561,.F.);
#3754=ADVANCED_FACE('',(#2452),#2562,.T.);
#3755=ADVANCED_FACE('',(#2453),#2563,.F.);
#3756=ADVANCED_FACE('',(#2454),#164,.F.);
#3757=ADVANCED_FACE('',(#2455),#2564,.F.);
#3758=ADVANCED_FACE('',(#2456),#165,.F.);
#3759=ADVANCED_FACE('',(#2457),#2565,.F.);
#3760=ADVANCED_FACE('',(#2458),#2566,.F.);
#3761=ADVANCED_FACE('',(#2459),#2567,.T.);
#3762=ADVANCED_FACE('',(#2460),#2568,.F.);
#3763=ADVANCED_FACE('',(#2461),#2569,.F.);
#3764=ADVANCED_FACE('',(#2462),#2570,.F.);
#3765=ADVANCED_FACE('',(#2463),#2571,.T.);
#3766=ADVANCED_FACE('',(#2464),#2572,.F.);
#3767=ADVANCED_FACE('',(#2465),#2573,.T.);
#3768=ADVANCED_FACE('',(#2466),#2574,.F.);
#3769=ADVANCED_FACE('',(#2467),#2575,.T.);
#3770=ADVANCED_FACE('',(#2468),#2576,.T.);
#3771=ADVANCED_FACE('',(#2469,#2470),#2577,.T.);
#3772=ADVANCED_FACE('',(#2471),#166,.T.);
#3773=ADVANCED_FACE('',(#2472),#167,.T.);
#3774=ADVANCED_FACE('',(#2473),#20,.T.);
#3775=ADVANCED_FACE('',(#2474),#168,.T.);
#3776=ADVANCED_FACE('',(#2475),#169,.T.);
#3777=ADVANCED_FACE('',(#2476),#170,.T.);
#3778=ADVANCED_FACE('',(#2477),#21,.T.);
#3779=ADVANCED_FACE('',(#2478),#171,.T.);
#3780=ADVANCED_FACE('',(#2479),#172,.T.);
#3781=ADVANCED_FACE('',(#2480),#173,.T.);
#3782=ADVANCED_FACE('',(#2481),#22,.T.);
#3783=ADVANCED_FACE('',(#2482),#174,.T.);
#3784=ADVANCED_FACE('',(#2483),#175,.T.);
#3785=ADVANCED_FACE('',(#2484),#176,.T.);
#3786=ADVANCED_FACE('',(#2485),#23,.T.);
#3787=ADVANCED_FACE('',(#2486),#177,.T.);
#3788=CLOSED_SHELL('',(#3637,#3638,#3639,#3640,#3641,#3642,#3643,#3644,
#3645,#3646,#3647,#3648,#3649,#3650,#3651,#3652,#3653,#3654,#3655,#3656,
#3657,#3658,#3659,#3660,#3661,#3662,#3663,#3664,#3665,#3666,#3667,#3668,
#3669,#3670,#3671,#3672,#3673,#3674,#3675,#3676,#3677,#3678,#3679,#3680,
#3681,#3682,#3683,#3684,#3685,#3686,#3687,#3688,#3689,#3690,#3691,#3692,
#3693,#3694,#3695,#3696,#3697,#3698,#3699,#3700,#3701,#3702,#3703,#3704,
#3705,#3706,#3707,#3708,#3709,#3710,#3711,#3712,#3713,#3714,#3715,#3716,
#3717,#3718,#3719,#3720,#3721,#3722,#3723,#3724,#3725,#3726,#3727,#3728,
#3729,#3730,#3731,#3732,#3733,#3734,#3735,#3736,#3737,#3738,#3739,#3740,
#3741,#3742,#3743,#3744,#3745,#3746,#3747,#3748,#3749,#3750,#3751,#3752,
#3753,#3754,#3755,#3756,#3757,#3758,#3759,#3760,#3761,#3762,#3763,#3764,
#3765,#3766,#3767,#3768,#3769,#3770,#3771,#3772,#3773,#3774,#3775,#3776,
#3777,#3778,#3779,#3780,#3781,#3782,#3783,#3784,#3785,#3786,#3787));
#3789=MANIFOLD_SOLID_BREP('',#3788);
#3790=SHAPE_DEFINITION_REPRESENTATION(#5676,#3791);
#3791=SHAPE_REPRESENTATION('MSS3-V-TR',(#3792),#5671);
#3792=AXIS2_PLACEMENT_3D('',#4817,#4036,#4037);
#3793=AXIS2_PLACEMENT_3D('',#4818,#4038,#4039);
#3794=AXIS2_PLACEMENT_3D('',#4827,#4044,#4045);
#3795=AXIS2_PLACEMENT_3D('',#4836,#4050,#4051);
#3796=AXIS2_PLACEMENT_3D('',#4837,#4052,#4053);
#3797=AXIS2_PLACEMENT_3D('',#4841,#4055,#4056);
#3798=AXIS2_PLACEMENT_3D('',#4842,#4057,#4058);
#3799=AXIS2_PLACEMENT_3D('',#4848,#4062,#4063);
#3800=AXIS2_PLACEMENT_3D('',#4857,#4068,#4069);
#3801=AXIS2_PLACEMENT_3D('',#4858,#4070,#4071);
#3802=AXIS2_PLACEMENT_3D('',#4862,#4073,#4074);
#3803=AXIS2_PLACEMENT_3D('',#4863,#4075,#4076);
#3804=AXIS2_PLACEMENT_3D('',#4869,#4080,#4081);
#3805=AXIS2_PLACEMENT_3D('',#4870,#4082,#4083);
#3806=AXIS2_PLACEMENT_3D('',#4874,#4085,#4086);
#3807=AXIS2_PLACEMENT_3D('',#4875,#4087,#4088);
#3808=AXIS2_PLACEMENT_3D('',#4881,#4092,#4093);
#3809=AXIS2_PLACEMENT_3D('',#4882,#4094,#4095);
#3810=AXIS2_PLACEMENT_3D('',#4883,#4096,#4097);
#3811=AXIS2_PLACEMENT_3D('',#4884,#4098,#4099);
#3812=AXIS2_PLACEMENT_3D('',#4892,#4103,#4104);
#3813=AXIS2_PLACEMENT_3D('',#4899,#4108,#4109);
#3814=AXIS2_PLACEMENT_3D('',#4913,#4116,#4117);
#3815=AXIS2_PLACEMENT_3D('',#4914,#4118,#4119);
#3816=AXIS2_PLACEMENT_3D('',#4915,#4120,#4121);
#3817=AXIS2_PLACEMENT_3D('',#4916,#4122,#4123);
#3818=AXIS2_PLACEMENT_3D('',#4929,#4124,#4125);
#3819=AXIS2_PLACEMENT_3D('',#4930,#4126,#4127);
#3820=AXIS2_PLACEMENT_3D('',#4931,#4128,#4129);
#3821=AXIS2_PLACEMENT_3D('',#4944,#4130,#4131);
#3822=AXIS2_PLACEMENT_3D('',#4945,#4132,#4133);
#3823=AXIS2_PLACEMENT_3D('',#4946,#4134,#4135);
#3824=AXIS2_PLACEMENT_3D('',#4959,#4136,#4137);
#3825=AXIS2_PLACEMENT_3D('',#4960,#4138,#4139);
#3826=AXIS2_PLACEMENT_3D('',#4961,#4140,#4141);
#3827=AXIS2_PLACEMENT_3D('',#4962,#4142,#4143);
#3828=AXIS2_PLACEMENT_3D('',#4963,#4144,#4145);
#3829=AXIS2_PLACEMENT_3D('',#4964,#4146,#4147);
#3830=AXIS2_PLACEMENT_3D('',#4965,#4148,#4149);
#3831=AXIS2_PLACEMENT_3D('',#4966,#4150,#4151);
#3832=AXIS2_PLACEMENT_3D('',#4967,#4152,#4153);
#3833=AXIS2_PLACEMENT_3D('',#4968,#4154,#4155);
#3834=AXIS2_PLACEMENT_3D('',#4981,#4156,#4157);
#3835=AXIS2_PLACEMENT_3D('',#4982,#4158,#4159);
#3836=AXIS2_PLACEMENT_3D('',#4983,#4160,#4161);
#3837=AXIS2_PLACEMENT_3D('',#4996,#4162,#4163);
#3838=AXIS2_PLACEMENT_3D('',#4997,#4164,#4165);
#3839=AXIS2_PLACEMENT_3D('',#4998,#4166,#4167);
#3840=AXIS2_PLACEMENT_3D('',#5011,#4168,#4169);
#3841=AXIS2_PLACEMENT_3D('',#5012,#4170,#4171);
#3842=AXIS2_PLACEMENT_3D('',#5013,#4172,#4173);
#3843=AXIS2_PLACEMENT_3D('',#5014,#4174,#4175);
#3844=AXIS2_PLACEMENT_3D('',#5015,#4176,#4177);
#3845=AXIS2_PLACEMENT_3D('',#5016,#4178,#4179);
#3846=AXIS2_PLACEMENT_3D('',#5017,#4180,#4181);
#3847=AXIS2_PLACEMENT_3D('',#5018,#4182,#4183);
#3848=AXIS2_PLACEMENT_3D('',#5027,#4188,#4189);
#3849=AXIS2_PLACEMENT_3D('',#5033,#4193,#4194);
#3850=AXIS2_PLACEMENT_3D('',#5039,#4198,#4199);
#3851=AXIS2_PLACEMENT_3D('',#5042,#4202,#4203);
#3852=AXIS2_PLACEMENT_3D('',#5043,#4204,#4205);
#3853=AXIS2_PLACEMENT_3D('',#5052,#4210,#4211);
#3854=AXIS2_PLACEMENT_3D('',#5061,#4216,#4217);
#3855=AXIS2_PLACEMENT_3D('',#5070,#4222,#4223);
#3856=AXIS2_PLACEMENT_3D('',#5079,#4228,#4229);
#3857=AXIS2_PLACEMENT_3D('',#5088,#4234,#4235);
#3858=AXIS2_PLACEMENT_3D('',#5089,#4236,#4237);
#3859=AXIS2_PLACEMENT_3D('',#5094,#4239,#4240);
#3860=AXIS2_PLACEMENT_3D('',#5097,#4242,#4243);
#3861=AXIS2_PLACEMENT_3D('',#5104,#4247,#4248);
#3862=AXIS2_PLACEMENT_3D('',#5111,#4252,#4253);
#3863=AXIS2_PLACEMENT_3D('',#5112,#4254,#4255);
#3864=AXIS2_PLACEMENT_3D('',#5114,#4256,#4257);
#3865=AXIS2_PLACEMENT_3D('',#5117,#4259,#4260);
#3866=AXIS2_PLACEMENT_3D('',#5123,#4263,#4264);
#3867=AXIS2_PLACEMENT_3D('',#5127,#4267,#4268);
#3868=AXIS2_PLACEMENT_3D('',#5128,#4269,#4270);
#3869=AXIS2_PLACEMENT_3D('',#5130,#4271,#4272);
#3870=AXIS2_PLACEMENT_3D('',#5133,#4274,#4275);
#3871=AXIS2_PLACEMENT_3D('',#5139,#4279,#4280);
#3872=AXIS2_PLACEMENT_3D('',#5145,#4284,#4285);
#3873=AXIS2_PLACEMENT_3D('',#5151,#4289,#4290);
#3874=AXIS2_PLACEMENT_3D('',#5157,#4294,#4295);
#3875=AXIS2_PLACEMENT_3D('',#5161,#4298,#4299);
#3876=AXIS2_PLACEMENT_3D('',#5167,#4303,#4304);
#3877=AXIS2_PLACEMENT_3D('',#5171,#4307,#4308);
#3878=AXIS2_PLACEMENT_3D('',#5175,#4311,#4312);
#3879=AXIS2_PLACEMENT_3D('',#5181,#4316,#4317);
#3880=AXIS2_PLACEMENT_3D('',#5185,#4320,#4321);
#3881=AXIS2_PLACEMENT_3D('',#5189,#4324,#4325);
#3882=AXIS2_PLACEMENT_3D('',#5193,#4328,#4329);
#3883=AXIS2_PLACEMENT_3D('',#5199,#4333,#4334);
#3884=AXIS2_PLACEMENT_3D('',#5201,#4336,#4337);
#3885=AXIS2_PLACEMENT_3D('',#5202,#4338,#4339);
#3886=AXIS2_PLACEMENT_3D('',#5205,#4341,#4342);
#3887=AXIS2_PLACEMENT_3D('',#5210,#4345,#4346);
#3888=AXIS2_PLACEMENT_3D('',#5216,#4350,#4351);
#3889=AXIS2_PLACEMENT_3D('',#5226,#4356,#4357);
#3890=AXIS2_PLACEMENT_3D('',#5227,#4358,#4359);
#3891=AXIS2_PLACEMENT_3D('',#5231,#4362,#4363);
#3892=AXIS2_PLACEMENT_3D('',#5237,#4367,#4368);
#3893=AXIS2_PLACEMENT_3D('',#5238,#4369,#4370);
#3894=AXIS2_PLACEMENT_3D('',#5243,#4372,#4373);
#3895=AXIS2_PLACEMENT_3D('',#5246,#4375,#4376);
#3896=AXIS2_PLACEMENT_3D('',#5252,#4380,#4381);
#3897=AXIS2_PLACEMENT_3D('',#5253,#4382,#4383);
#3898=AXIS2_PLACEMENT_3D('',#5255,#4384,#4385);
#3899=AXIS2_PLACEMENT_3D('',#5258,#4387,#4388);
#3900=AXIS2_PLACEMENT_3D('',#5264,#4392,#4393);
#3901=AXIS2_PLACEMENT_3D('',#5265,#4394,#4395);
#3902=AXIS2_PLACEMENT_3D('',#5267,#4396,#4397);
#3903=AXIS2_PLACEMENT_3D('',#5270,#4399,#4400);
#3904=AXIS2_PLACEMENT_3D('',#5276,#4404,#4405);
#3905=AXIS2_PLACEMENT_3D('',#5277,#4406,#4407);
#3906=AXIS2_PLACEMENT_3D('',#5279,#4408,#4409);
#3907=AXIS2_PLACEMENT_3D('',#5282,#4411,#4412);
#3908=AXIS2_PLACEMENT_3D('',#5288,#4416,#4417);
#3909=AXIS2_PLACEMENT_3D('',#5289,#4418,#4419);
#3910=AXIS2_PLACEMENT_3D('',#5291,#4420,#4421);
#3911=AXIS2_PLACEMENT_3D('',#5294,#4423,#4424);
#3912=AXIS2_PLACEMENT_3D('',#5300,#4428,#4429);
#3913=AXIS2_PLACEMENT_3D('',#5301,#4430,#4431);
#3914=AXIS2_PLACEMENT_3D('',#5303,#4432,#4433);
#3915=AXIS2_PLACEMENT_3D('',#5306,#4435,#4436);
#3916=AXIS2_PLACEMENT_3D('',#5309,#4438,#4439);
#3917=AXIS2_PLACEMENT_3D('',#5318,#4444,#4445);
#3918=AXIS2_PLACEMENT_3D('',#5324,#4449,#4450);
#3919=AXIS2_PLACEMENT_3D('',#5329,#4454,#4455);
#3920=AXIS2_PLACEMENT_3D('',#5334,#4459,#4460);
#3921=AXIS2_PLACEMENT_3D('',#5339,#4463,#4464);
#3922=AXIS2_PLACEMENT_3D('',#5344,#4467,#4468);
#3923=AXIS2_PLACEMENT_3D('',#5345,#4469,#4470);
#3924=AXIS2_PLACEMENT_3D('',#5348,#4472,#4473);
#3925=AXIS2_PLACEMENT_3D('',#5351,#4475,#4476);
#3926=AXIS2_PLACEMENT_3D('',#5354,#4478,#4479);
#3927=AXIS2_PLACEMENT_3D('',#5355,#4480,#4481);
#3928=AXIS2_PLACEMENT_3D('',#5363,#4485,#4486);
#3929=AXIS2_PLACEMENT_3D('',#5370,#4490,#4491);
#3930=AXIS2_PLACEMENT_3D('',#5371,#4492,#4493);
#3931=AXIS2_PLACEMENT_3D('',#5375,#4495,#4496);
#3932=AXIS2_PLACEMENT_3D('',#5376,#4497,#4498);
#3933=AXIS2_PLACEMENT_3D('',#5382,#4502,#4503);
#3934=AXIS2_PLACEMENT_3D('',#5383,#4504,#4505);
#3935=AXIS2_PLACEMENT_3D('',#5387,#4507,#4508);
#3936=AXIS2_PLACEMENT_3D('',#5388,#4509,#4510);
#3937=AXIS2_PLACEMENT_3D('',#5394,#4514,#4515);
#3938=AXIS2_PLACEMENT_3D('',#5395,#4516,#4517);
#3939=AXIS2_PLACEMENT_3D('',#5399,#4519,#4520);
#3940=AXIS2_PLACEMENT_3D('',#5400,#4521,#4522);
#3941=AXIS2_PLACEMENT_3D('',#5406,#4526,#4527);
#3942=AXIS2_PLACEMENT_3D('',#5407,#4528,#4529);
#3943=AXIS2_PLACEMENT_3D('',#5411,#4531,#4532);
#3944=AXIS2_PLACEMENT_3D('',#5412,#4533,#4534);
#3945=AXIS2_PLACEMENT_3D('',#5418,#4538,#4539);
#3946=AXIS2_PLACEMENT_3D('',#5419,#4540,#4541);
#3947=AXIS2_PLACEMENT_3D('',#5423,#4543,#4544);
#3948=AXIS2_PLACEMENT_3D('',#5424,#4545,#4546);
#3949=AXIS2_PLACEMENT_3D('',#5430,#4550,#4551);
#3950=AXIS2_PLACEMENT_3D('',#5431,#4552,#4553);
#3951=AXIS2_PLACEMENT_3D('',#5435,#4555,#4556);
#3952=AXIS2_PLACEMENT_3D('',#5436,#4557,#4558);
#3953=AXIS2_PLACEMENT_3D('',#5439,#4560,#4561);
#3954=AXIS2_PLACEMENT_3D('',#5443,#4564,#4565);
#3955=AXIS2_PLACEMENT_3D('',#5444,#4566,#4567);
#3956=AXIS2_PLACEMENT_3D('',#5447,#4569,#4570);
#3957=AXIS2_PLACEMENT_3D('',#5452,#4574,#4575);
#3958=AXIS2_PLACEMENT_3D('',#5455,#4577,#4578);
#3959=AXIS2_PLACEMENT_3D('',#5458,#4580,#4581);
#3960=AXIS2_PLACEMENT_3D('',#5468,#4587,#4588);
#3961=AXIS2_PLACEMENT_3D('',#5474,#4592,#4593);
#3962=AXIS2_PLACEMENT_3D('',#5478,#4595,#4596);
#3963=AXIS2_PLACEMENT_3D('',#5486,#4601,#4602);
#3964=AXIS2_PLACEMENT_3D('',#5487,#4603,#4604);
#3965=AXIS2_PLACEMENT_3D('',#5491,#4606,#4607);
#3966=AXIS2_PLACEMENT_3D('',#5492,#4608,#4609);
#3967=AXIS2_PLACEMENT_3D('',#5495,#4611,#4612);
#3968=AXIS2_PLACEMENT_3D('',#5502,#4616,#4617);
#3969=AXIS2_PLACEMENT_3D('',#5506,#4620,#4621);
#3970=AXIS2_PLACEMENT_3D('',#5507,#4622,#4623);
#3971=AXIS2_PLACEMENT_3D('',#5510,#4625,#4626);
#3972=AXIS2_PLACEMENT_3D('',#5514,#4629,#4630);
#3973=AXIS2_PLACEMENT_3D('',#5518,#4633,#4634);
#3974=AXIS2_PLACEMENT_3D('',#5520,#4636,#4637);
#3975=AXIS2_PLACEMENT_3D('',#5522,#4639,#4640);
#3976=AXIS2_PLACEMENT_3D('',#5524,#4642,#4643);
#3977=AXIS2_PLACEMENT_3D('',#5535,#4652,#4653);
#3978=AXIS2_PLACEMENT_3D('',#5537,#4655,#4656);
#3979=AXIS2_PLACEMENT_3D('',#5539,#4658,#4659);
#3980=AXIS2_PLACEMENT_3D('',#5543,#4662,#4663);
#3981=AXIS2_PLACEMENT_3D('',#5545,#4665,#4666);
#3982=AXIS2_PLACEMENT_3D('',#5547,#4668,#4669);
#3983=AXIS2_PLACEMENT_3D('',#5553,#4673,#4674);
#3984=AXIS2_PLACEMENT_3D('',#5557,#4677,#4678);
#3985=AXIS2_PLACEMENT_3D('',#5561,#4681,#4682);
#3986=AXIS2_PLACEMENT_3D('',#5562,#4683,#4684);
#3987=AXIS2_PLACEMENT_3D('',#5565,#4686,#4687);
#3988=AXIS2_PLACEMENT_3D('',#5570,#4690,#4691);
#3989=AXIS2_PLACEMENT_3D('',#5573,#4693,#4694);
#3990=AXIS2_PLACEMENT_3D('',#5574,#4695,#4696);
#3991=AXIS2_PLACEMENT_3D('',#5579,#4699,#4700);
#3992=AXIS2_PLACEMENT_3D('',#5582,#4702,#4703);
#3993=AXIS2_PLACEMENT_3D('',#5587,#4706,#4707);
#3994=AXIS2_PLACEMENT_3D('',#5592,#4710,#4711);
#3995=AXIS2_PLACEMENT_3D('',#5595,#4713,#4714);
#3996=AXIS2_PLACEMENT_3D('',#5601,#4718,#4719);
#3997=AXIS2_PLACEMENT_3D('',#5602,#4720,#4721);
#3998=AXIS2_PLACEMENT_3D('',#5607,#4724,#4725);
#3999=AXIS2_PLACEMENT_3D('',#5611,#4728,#4729);
#4000=AXIS2_PLACEMENT_3D('',#5614,#4731,#4732);
#4001=AXIS2_PLACEMENT_3D('',#5617,#4734,#4735);
#4002=AXIS2_PLACEMENT_3D('',#5621,#4738,#4739);
#4003=AXIS2_PLACEMENT_3D('',#5625,#4742,#4743);
#4004=AXIS2_PLACEMENT_3D('',#5627,#4745,#4746);
#4005=AXIS2_PLACEMENT_3D('',#5629,#4748,#4749);
#4006=AXIS2_PLACEMENT_3D('',#5631,#4751,#4752);
#4007=AXIS2_PLACEMENT_3D('',#5635,#4755,#4756);
#4008=AXIS2_PLACEMENT_3D('',#5642,#4761,#4762);
#4009=AXIS2_PLACEMENT_3D('',#5643,#4763,#4764);
#4010=AXIS2_PLACEMENT_3D('',#5644,#4765,#4766);
#4011=AXIS2_PLACEMENT_3D('',#5645,#4767,#4768);
#4012=AXIS2_PLACEMENT_3D('',#5646,#4769,#4770);
#4013=AXIS2_PLACEMENT_3D('',#5647,#4771,#4772);
#4014=AXIS2_PLACEMENT_3D('',#5648,#4773,#4774);
#4015=AXIS2_PLACEMENT_3D('',#5649,#4775,#4776);
#4016=AXIS2_PLACEMENT_3D('',#5650,#4777,#4778);
#4017=AXIS2_PLACEMENT_3D('',#5651,#4779,#4780);
#4018=AXIS2_PLACEMENT_3D('',#5652,#4781,#4782);
#4019=AXIS2_PLACEMENT_3D('',#5653,#4783,#4784);
#4020=AXIS2_PLACEMENT_3D('',#5654,#4785,#4786);
#4021=AXIS2_PLACEMENT_3D('',#5655,#4787,#4788);
#4022=AXIS2_PLACEMENT_3D('',#5656,#4789,#4790);
#4023=AXIS2_PLACEMENT_3D('',#5657,#4791,#4792);
#4024=AXIS2_PLACEMENT_3D('',#5658,#4793,#4794);
#4025=AXIS2_PLACEMENT_3D('',#5659,#4795,#4796);
#4026=AXIS2_PLACEMENT_3D('',#5660,#4797,#4798);
#4027=AXIS2_PLACEMENT_3D('',#5661,#4799,#4800);
#4028=AXIS2_PLACEMENT_3D('',#5662,#4801,#4802);
#4029=AXIS2_PLACEMENT_3D('',#5663,#4803,#4804);
#4030=AXIS2_PLACEMENT_3D('',#5664,#4805,#4806);
#4031=AXIS2_PLACEMENT_3D('',#5665,#4807,#4808);
#4032=AXIS2_PLACEMENT_3D('',#5666,#4809,#4810);
#4033=AXIS2_PLACEMENT_3D('',#5667,#4811,#4812);
#4034=AXIS2_PLACEMENT_3D('',#5668,#4813,#4814);
#4035=AXIS2_PLACEMENT_3D('',#5669,#4815,#4816);
#4036=DIRECTION('',(0.,0.,1.));
#4037=DIRECTION('',(1.,0.,0.));
#4038=DIRECTION('',(0.,-1.,0.));
#4039=DIRECTION('',(0.,0.,-1.));
#4040=DIRECTION('',(0.,0.,1.));
#4041=DIRECTION('',(-1.,0.,0.));
#4042=DIRECTION('',(0.,0.,1.));
#4043=DIRECTION('',(-1.,0.,0.));
#4044=DIRECTION('',(0.,1.,0.));
#4045=DIRECTION('',(0.,0.,1.));
#4046=DIRECTION('',(1.,0.,0.));
#4047=DIRECTION('',(0.,0.,1.));
#4048=DIRECTION('',(1.,0.,0.));
#4049=DIRECTION('',(0.,0.,1.));
#4050=DIRECTION('',(1.,0.,0.));
#4051=DIRECTION('',(0.,0.,-1.));
#4052=DIRECTION('',(-1.,0.,0.));
#4053=DIRECTION('',(0.,0.,1.));
#4054=DIRECTION('',(1.,0.,0.));
#4055=DIRECTION('',(-1.,0.,0.));
#4056=DIRECTION('',(0.,0.,1.));
#4057=DIRECTION('',(0.,0.,-1.));
#4058=DIRECTION('',(-1.,0.,0.));
#4059=DIRECTION('',(0.,1.,0.));
#4060=DIRECTION('',(1.,0.,0.));
#4061=DIRECTION('',(0.,1.,0.));
#4062=DIRECTION('',(0.,0.,1.));
#4063=DIRECTION('',(1.,0.,0.));
#4064=DIRECTION('',(0.,-1.,0.));
#4065=DIRECTION('',(-1.,0.,0.));
#4066=DIRECTION('',(0.,-1.,0.));
#4067=DIRECTION('',(1.,0.,0.));
#4068=DIRECTION('',(1.,0.,0.));
#4069=DIRECTION('',(0.,0.,-1.));
#4070=DIRECTION('',(1.,0.,0.));
#4071=DIRECTION('',(0.,0.,-1.));
#4072=DIRECTION('',(1.,0.,0.));
#4073=DIRECTION('',(-1.,0.,0.));
#4074=DIRECTION('',(0.,0.,1.));
#4075=DIRECTION('',(0.,-1.,3.53916899872798E-16));
#4076=DIRECTION('',(0.,-3.53916899872798E-16,-1.));
#4077=DIRECTION('',(0.,-3.53916899872798E-16,-1.));
#4078=DIRECTION('',(1.,0.,0.));
#4079=DIRECTION('',(0.,-3.53916899872798E-16,-1.));
#4080=DIRECTION('',(1.,0.,0.));
#4081=DIRECTION('',(0.,0.,-1.));
#4082=DIRECTION('',(1.,0.,0.));
#4083=DIRECTION('',(0.,0.,-1.));
#4084=DIRECTION('',(1.,0.,0.));
#4085=DIRECTION('',(-1.,0.,0.));
#4086=DIRECTION('',(0.,0.,1.));
#4087=DIRECTION('',(0.,0.,-1.));
#4088=DIRECTION('',(-1.,0.,0.));
#4089=DIRECTION('',(0.,1.,0.));
#4090=DIRECTION('',(1.,0.,0.));
#4091=DIRECTION('',(0.,1.,0.));
#4092=DIRECTION('',(1.,0.,0.));
#4093=DIRECTION('',(0.,0.,-1.));
#4094=DIRECTION('',(1.,0.,0.));
#4095=DIRECTION('',(0.,0.,-1.));
#4096=DIRECTION('',(-1.,0.,0.));
#4097=DIRECTION('',(0.,0.,1.));
#4098=DIRECTION('',(-1.,0.,0.));
#4099=DIRECTION('',(0.,0.,1.));
#4100=DIRECTION('',(0.,-1.,0.));
#4101=DIRECTION('',(-3.22857212805595E-17,0.,-1.));
#4102=DIRECTION('',(0.,1.,0.));
#4103=DIRECTION('',(-1.,0.,0.));
#4104=DIRECTION('',(0.,0.,1.));
#4105=DIRECTION('',(0.,0.,1.));
#4106=DIRECTION('',(0.,1.,0.));
#4107=DIRECTION('',(0.,-3.53916899872798E-16,-1.));
#4108=DIRECTION('',(-1.,0.,0.));
#4109=DIRECTION('',(0.,0.,1.));
#4110=DIRECTION('',(0.,1.,0.));
#4111=DIRECTION('',(0.,0.,1.));
#4112=DIRECTION('',(0.,-1.,0.));
#4113=DIRECTION('',(0.,-3.53916899872798E-16,-1.));
#4114=DIRECTION('',(0.,1.,0.));
#4115=DIRECTION('',(0.,0.,1.));
#4116=DIRECTION('',(-1.,0.,0.));
#4117=DIRECTION('',(0.,0.,1.));
#4118=DIRECTION('',(0.,1.,0.));
#4119=DIRECTION('',(0.,0.,1.));
#4120=DIRECTION('',(0.,-0.96802198090466,-0.250865391167091));
#4121=DIRECTION('',(0.,-0.250865391167092,0.96802198090466));
#4122=DIRECTION('',(0.,-1.,0.));
#4123=DIRECTION('',(-1.,0.,0.));
#4124=DIRECTION('',(0.,-0.250865391167091,-0.96802198090466));
#4125=DIRECTION('',(0.,-0.96802198090466,0.250865391167091));
#4126=DIRECTION('',(0.,3.53916899872798E-16,1.));
#4127=DIRECTION('',(0.,-1.,3.53916899872798E-16));
#4128=DIRECTION('',(0.,0.250865391167091,-0.96802198090466));
#4129=DIRECTION('',(0.,-0.96802198090466,-0.250865391167091));
#4130=DIRECTION('',(0.,0.96802198090466,-0.250865391167091));
#4131=DIRECTION('',(0.,-0.250865391167091,-0.96802198090466));
#4132=DIRECTION('',(0.,-1.,0.));
#4133=DIRECTION('',(0.,0.,-1.));
#4134=DIRECTION('',(0.,0.96802198090466,0.250865391167091));
#4135=DIRECTION('',(0.,0.250865391167091,-0.96802198090466));
#4136=DIRECTION('',(0.,0.250865391167091,0.96802198090466));
#4137=DIRECTION('',(0.,0.96802198090466,-0.250865391167092));
#4138=DIRECTION('',(0.,0.,-1.));
#4139=DIRECTION('',(-1.,0.,0.));
#4140=DIRECTION('',(0.,0.,1.));
#4141=DIRECTION('',(1.,0.,0.));
#4142=DIRECTION('',(-1.,0.,0.));
#4143=DIRECTION('',(0.,0.,1.));
#4144=DIRECTION('',(0.,1.,0.));
#4145=DIRECTION('',(0.,0.,1.));
#4146=DIRECTION('',(0.,-1.,0.));
#4147=DIRECTION('',(0.,0.,-1.));
#4148=DIRECTION('',(0.,-1.,0.));
#4149=DIRECTION('',(-1.,0.,0.));
#4150=DIRECTION('',(0.,-1.,0.));
#4151=DIRECTION('',(0.,0.,-1.));
#4152=DIRECTION('',(0.,0.96802198090466,0.250865391167091));
#4153=DIRECTION('',(0.,-0.250865391167092,0.96802198090466));
#4154=DIRECTION('',(0.,-1.,0.));
#4155=DIRECTION('',(1.,0.,0.));
#4156=DIRECTION('',(0.,0.250865391167091,0.96802198090466));
#4157=DIRECTION('',(0.,-0.96802198090466,0.250865391167091));
#4158=DIRECTION('',(0.,-3.53916899872798E-16,-1.));
#4159=DIRECTION('',(0.,1.,-3.53916899872798E-16));
#4160=DIRECTION('',(0.,-0.25086539116709,0.96802198090466));
#4161=DIRECTION('',(0.,-0.968021980904661,-0.25086539116709));
#4162=DIRECTION('',(0.,-0.96802198090466,0.250865391167091));
#4163=DIRECTION('',(0.,-0.250865391167091,-0.96802198090466));
#4164=DIRECTION('',(0.,1.,0.));
#4165=DIRECTION('',(0.,0.,1.));
#4166=DIRECTION('',(0.,-0.96802198090466,-0.250865391167091));
#4167=DIRECTION('',(0.,0.250865391167091,-0.96802198090466));
#4168=DIRECTION('',(0.,-0.250865391167091,-0.96802198090466));
#4169=DIRECTION('',(0.,0.96802198090466,-0.250865391167092));
#4170=DIRECTION('',(0.,0.,1.));
#4171=DIRECTION('',(1.,0.,0.));
#4172=DIRECTION('',(0.,0.,1.));
#4173=DIRECTION('',(1.,0.,0.));
#4174=DIRECTION('',(-1.,0.,0.));
#4175=DIRECTION('',(0.,0.,1.));
#4176=DIRECTION('',(0.,1.,0.));
#4177=DIRECTION('',(0.,0.,1.));
#4178=DIRECTION('',(0.,1.,0.));
#4179=DIRECTION('',(0.,0.,1.));
#4180=DIRECTION('',(0.,-1.,0.));
#4181=DIRECTION('',(1.,0.,0.));
#4182=DIRECTION('',(-3.34151404203143E-17,0.,1.));
#4183=DIRECTION('',(1.,0.,3.34151404203143E-17));
#4184=DIRECTION('',(0.,1.,0.));
#4185=DIRECTION('',(1.,0.,3.34151404203143E-17));
#4186=DIRECTION('',(0.,1.,0.));
#4187=DIRECTION('',(-1.,0.,-3.34151404203143E-17));
#4188=DIRECTION('',(-1.,0.,0.));
#4189=DIRECTION('',(0.,0.,1.));
#4190=DIRECTION('',(0.,1.,0.));
#4191=DIRECTION('',(0.,0.,1.));
#4192=DIRECTION('',(0.,0.,-1.));
#4193=DIRECTION('',(1.33660561681257E-16,0.,-1.));
#4194=DIRECTION('',(-1.,0.,-1.33660561681257E-16));
#4195=DIRECTION('',(0.,1.,0.));
#4196=DIRECTION('',(-1.,0.,-1.33660561681257E-16));
#4197=DIRECTION('',(1.,0.,1.33660561681257E-16));
#4198=DIRECTION('',(1.,0.,0.));
#4199=DIRECTION('',(0.,0.,-1.));
#4200=DIRECTION('',(0.,0.,-1.));
#4201=DIRECTION('',(0.,0.,1.));
#4202=DIRECTION('',(0.,-1.,0.));
#4203=DIRECTION('',(0.,0.,-1.));
#4204=DIRECTION('',(0.,-1.,0.));
#4205=DIRECTION('',(0.,0.,-1.));
#4206=DIRECTION('',(1.,0.,0.));
#4207=DIRECTION('',(0.,0.,1.));
#4208=DIRECTION('',(1.,0.,0.));
#4209=DIRECTION('',(0.,0.,1.));
#4210=DIRECTION('',(0.,-1.,0.));
#4211=DIRECTION('',(0.,0.,-1.));
#4212=DIRECTION('',(1.,0.,0.));
#4213=DIRECTION('',(0.,0.,1.));
#4214=DIRECTION('',(1.,0.,0.));
#4215=DIRECTION('',(0.,0.,1.));
#4216=DIRECTION('',(0.,-1.,0.));
#4217=DIRECTION('',(0.,0.,-1.));
#4218=DIRECTION('',(1.,0.,0.));
#4219=DIRECTION('',(0.,0.,1.));
#4220=DIRECTION('',(1.,0.,0.));
#4221=DIRECTION('',(0.,0.,1.));
#4222=DIRECTION('',(0.,0.,-1.));
#4223=DIRECTION('',(-1.,0.,0.));
#4224=DIRECTION('',(1.,0.,0.));
#4225=DIRECTION('',(0.,1.,0.));
#4226=DIRECTION('',(-1.,0.,0.));
#4227=DIRECTION('',(0.,-1.,0.));
#4228=DIRECTION('',(0.,0.,-1.));
#4229=DIRECTION('',(-1.,0.,0.));
#4230=DIRECTION('',(-1.,0.,0.));
#4231=DIRECTION('',(0.,-1.,0.));
#4232=DIRECTION('',(1.,0.,0.));
#4233=DIRECTION('',(0.,1.,0.));
#4234=DIRECTION('',(0.,-1.,0.));
#4235=DIRECTION('',(0.,0.,-1.));
#4236=DIRECTION('',(0.,1.,0.));
#4237=DIRECTION('',(0.,0.,1.));
#4238=DIRECTION('',(0.,1.,0.));
#4239=DIRECTION('',(0.,-1.,0.));
#4240=DIRECTION('',(0.,0.,-1.));
#4241=DIRECTION('',(0.,1.,0.));
#4242=DIRECTION('',(0.,-1.,0.));
#4243=DIRECTION('',(0.,0.,-1.));
#4244=DIRECTION('',(0.,0.,1.));
#4245=DIRECTION('',(1.,0.,0.));
#4246=DIRECTION('',(0.,0.,1.));
#4247=DIRECTION('',(0.,-1.,0.));
#4248=DIRECTION('',(0.,0.,-1.));
#4249=DIRECTION('',(1.,0.,0.));
#4250=DIRECTION('',(0.,0.,1.));
#4251=DIRECTION('',(1.,0.,0.));
#4252=DIRECTION('',(1.,0.,0.));
#4253=DIRECTION('',(0.,0.,-1.));
#4254=DIRECTION('',(-1.,0.,0.));
#4255=DIRECTION('',(0.,0.,1.));
#4256=DIRECTION('',(-1.,0.,0.));
#4257=DIRECTION('',(0.,0.,1.));
#4258=DIRECTION('',(1.,0.,0.));
#4259=DIRECTION('',(0.,0.,1.));
#4260=DIRECTION('',(1.,0.,0.));
#4261=DIRECTION('',(1.,0.,0.));
#4262=DIRECTION('',(1.,0.,0.));
#4263=DIRECTION('',(0.,0.,1.));
#4264=DIRECTION('',(1.,0.,0.));
#4265=DIRECTION('',(0.,-1.,0.));
#4266=DIRECTION('',(0.,-1.,0.));
#4267=DIRECTION('',(0.,-1.,0.));
#4268=DIRECTION('',(0.,0.,-1.));
#4269=DIRECTION('',(0.,1.,0.));
#4270=DIRECTION('',(0.,0.,1.));
#4271=DIRECTION('',(0.,-1.,0.));
#4272=DIRECTION('',(0.,0.,-1.));
#4273=DIRECTION('',(0.,1.,0.));
#4274=DIRECTION('',(0.,0.,-1.));
#4275=DIRECTION('',(-1.,0.,0.));
#4276=DIRECTION('',(0.,1.,0.));
#4277=DIRECTION('',(0.,-1.,0.));
#4278=DIRECTION('',(-1.,0.,0.));
#4279=DIRECTION('',(0.,0.,-1.));
#4280=DIRECTION('',(-1.,0.,0.));
#4281=DIRECTION('',(0.,-1.,0.));
#4282=DIRECTION('',(-1.,0.,0.));
#4283=DIRECTION('',(0.,1.,0.));
#4284=DIRECTION('',(0.,0.,-1.));
#4285=DIRECTION('',(-1.,0.,0.));
#4286=DIRECTION('',(0.,-1.,0.));
#4287=DIRECTION('',(-1.,0.,0.));
#4288=DIRECTION('',(0.,1.,0.));
#4289=DIRECTION('',(0.,0.,-1.));
#4290=DIRECTION('',(-1.,0.,0.));
#4291=DIRECTION('',(0.,1.,0.));
#4292=DIRECTION('',(-1.,0.,0.));
#4293=DIRECTION('',(0.,-1.,0.));
#4294=DIRECTION('',(-1.,0.,0.));
#4295=DIRECTION('',(0.,0.,1.));
#4296=DIRECTION('',(0.,0.,1.));
#4297=DIRECTION('',(0.,0.,1.));
#4298=DIRECTION('',(1.,0.,0.));
#4299=DIRECTION('',(0.,0.,-1.));
#4300=DIRECTION('',(0.,1.,0.));
#4301=DIRECTION('',(0.,0.,1.));
#4302=DIRECTION('',(0.,0.,1.));
#4303=DIRECTION('',(0.,0.,-1.));
#4304=DIRECTION('',(-1.,0.,0.));
#4305=DIRECTION('',(-1.,0.,0.));
#4306=DIRECTION('',(0.,-1.,0.));
#4307=DIRECTION('',(-1.,0.,0.));
#4308=DIRECTION('',(0.,0.,1.));
#4309=DIRECTION('',(0.,0.,1.));
#4310=DIRECTION('',(0.,0.,1.));
#4311=DIRECTION('',(1.,0.,0.));
#4312=DIRECTION('',(0.,0.,-1.));
#4313=DIRECTION('',(0.,1.,0.));
#4314=DIRECTION('',(0.,0.,1.));
#4315=DIRECTION('',(0.,0.,1.));
#4316=DIRECTION('',(0.,0.,-1.));
#4317=DIRECTION('',(-1.,0.,0.));
#4318=DIRECTION('',(-1.,0.,0.));
#4319=DIRECTION('',(0.,-1.,0.));
#4320=DIRECTION('',(-1.,0.,0.));
#4321=DIRECTION('',(0.,0.,1.));
#4322=DIRECTION('',(0.,0.,1.));
#4323=DIRECTION('',(0.,0.,1.));
#4324=DIRECTION('',(-1.,0.,0.));
#4325=DIRECTION('',(0.,0.,1.));
#4326=DIRECTION('',(0.,0.,1.));
#4327=DIRECTION('',(0.,1.,0.));
#4328=DIRECTION('',(0.,0.,1.));
#4329=DIRECTION('',(1.,0.,0.));
#4330=DIRECTION('',(0.,1.,0.));
#4331=DIRECTION('',(-1.,0.,0.));
#4332=DIRECTION('',(0.,-1.,0.));
#4333=DIRECTION('',(-1.,0.,0.));
#4334=DIRECTION('',(0.,0.,1.));
#4335=DIRECTION('',(0.,-1.,0.));
#4336=DIRECTION('',(-1.,0.,0.));
#4337=DIRECTION('',(0.,0.,1.));
#4338=DIRECTION('',(1.,0.,0.));
#4339=DIRECTION('',(0.,0.,-1.));
#4340=DIRECTION('',(0.,1.,0.));
#4341=DIRECTION('',(1.,0.,0.));
#4342=DIRECTION('',(0.,0.,-1.));
#4343=DIRECTION('',(0.,1.,0.));
#4344=DIRECTION('',(0.,0.,1.));
#4345=DIRECTION('',(0.,0.,1.));
#4346=DIRECTION('',(1.,0.,0.));
#4347=DIRECTION('',(-1.,0.,0.));
#4348=DIRECTION('',(0.,1.,0.));
#4349=DIRECTION('',(1.,0.,0.));
#4350=DIRECTION('',(-1.,0.,0.));
#4351=DIRECTION('',(0.,0.,1.));
#4352=DIRECTION('',(0.,0.,1.));
#4353=DIRECTION('',(0.,1.,0.));
#4354=DIRECTION('',(0.,0.,-1.));
#4355=DIRECTION('',(0.,-1.,0.));
#4356=DIRECTION('',(-1.,0.,0.));
#4357=DIRECTION('',(0.,0.,1.));
#4358=DIRECTION('',(1.,0.,0.));
#4359=DIRECTION('',(0.,0.,-1.));
#4360=DIRECTION('',(0.,0.,1.));
#4361=DIRECTION('',(0.,0.,1.));
#4362=DIRECTION('',(-1.,0.,0.));
#4363=DIRECTION('',(0.,0.,1.));
#4364=DIRECTION('',(0.,1.,0.));
#4365=DIRECTION('',(0.,0.,-1.));
#4366=DIRECTION('',(0.,0.,-1.));
#4367=DIRECTION('',(1.,0.,0.));
#4368=DIRECTION('',(0.,0.,-1.));
#4369=DIRECTION('',(1.,0.,0.));
#4370=DIRECTION('',(0.,1.,0.));
#4371=DIRECTION('',(1.,0.,0.));
#4372=DIRECTION('',(1.,0.,0.));
#4373=DIRECTION('',(0.,1.,0.));
#4374=DIRECTION('',(1.,0.,0.));
#4375=DIRECTION('',(0.,0.,1.));
#4376=DIRECTION('',(1.,0.,0.));
#4377=DIRECTION('',(0.,-1.,0.));
#4378=DIRECTION('',(0.,-1.,0.));
#4379=DIRECTION('',(1.,0.,0.));
#4380=DIRECTION('',(1.,0.,0.));
#4381=DIRECTION('',(0.,0.,-1.));
#4382=DIRECTION('',(1.,0.,0.));
#4383=DIRECTION('',(0.,1.,0.));
#4384=DIRECTION('',(1.,0.,0.));
#4385=DIRECTION('',(0.,1.,0.));
#4386=DIRECTION('',(1.,0.,0.));
#4387=DIRECTION('',(0.,0.810561485039254,0.585653548585646));
#4388=DIRECTION('',(0.,-0.585653548585646,0.810561485039254));
#4389=DIRECTION('',(0.,-0.585653548585646,0.810561485039254));
#4390=DIRECTION('',(0.,-0.585653548585646,0.810561485039254));
#4391=DIRECTION('',(1.,0.,0.));
#4392=DIRECTION('',(1.,0.,0.));
#4393=DIRECTION('',(0.,0.,-1.));
#4394=DIRECTION('',(-1.,0.,0.));
#4395=DIRECTION('',(0.,1.,0.));
#4396=DIRECTION('',(-1.,0.,0.));
#4397=DIRECTION('',(0.,1.,0.));
#4398=DIRECTION('',(1.,0.,0.));
#4399=DIRECTION('',(0.,0.,1.));
#4400=DIRECTION('',(1.,0.,0.));
#4401=DIRECTION('',(0.,-1.,0.));
#4402=DIRECTION('',(0.,-1.,0.));
#4403=DIRECTION('',(1.,0.,0.));
#4404=DIRECTION('',(1.,0.,0.));
#4405=DIRECTION('',(0.,0.,-1.));
#4406=DIRECTION('',(-1.,0.,0.));
#4407=DIRECTION('',(0.,1.,0.));
#4408=DIRECTION('',(-1.,0.,0.));
#4409=DIRECTION('',(0.,1.,0.));
#4410=DIRECTION('',(1.,0.,0.));
#4411=DIRECTION('',(0.,-0.810561485039254,0.585653548585646));
#4412=DIRECTION('',(0.,-0.585653548585646,-0.810561485039254));
#4413=DIRECTION('',(0.,-0.585653548585646,-0.810561485039254));
#4414=DIRECTION('',(0.,-0.585653548585646,-0.810561485039254));
#4415=DIRECTION('',(1.,0.,0.));
#4416=DIRECTION('',(1.,0.,0.));
#4417=DIRECTION('',(0.,0.,-1.));
#4418=DIRECTION('',(1.,0.,0.));
#4419=DIRECTION('',(0.,1.,0.));
#4420=DIRECTION('',(1.,0.,0.));
#4421=DIRECTION('',(0.,1.,0.));
#4422=DIRECTION('',(1.,0.,0.));
#4423=DIRECTION('',(0.,0.,1.));
#4424=DIRECTION('',(1.,0.,0.));
#4425=DIRECTION('',(0.,-1.,0.));
#4426=DIRECTION('',(0.,-1.,0.));
#4427=DIRECTION('',(1.,0.,0.));
#4428=DIRECTION('',(1.,0.,0.));
#4429=DIRECTION('',(0.,0.,-1.));
#4430=DIRECTION('',(1.,0.,0.));
#4431=DIRECTION('',(0.,1.,0.));
#4432=DIRECTION('',(1.,0.,0.));
#4433=DIRECTION('',(0.,1.,0.));
#4434=DIRECTION('',(1.,0.,0.));
#4435=DIRECTION('',(0.,-1.,0.));
#4436=DIRECTION('',(0.,0.,-1.));
#4437=DIRECTION('',(0.,0.,-1.));
#4438=DIRECTION('',(0.,-1.,0.));
#4439=DIRECTION('',(0.,0.,-1.));
#4440=DIRECTION('',(1.,-4.37369609376188E-16,0.));
#4441=DIRECTION('',(0.,0.,-1.));
#4442=DIRECTION('',(1.,0.,0.));
#4443=DIRECTION('',(0.,0.,-1.));
#4444=DIRECTION('',(1.,0.,0.));
#4445=DIRECTION('',(0.,0.,-1.));
#4446=DIRECTION('',(0.,-1.,0.));
#4447=DIRECTION('',(0.,0.,-1.));
#4448=DIRECTION('',(0.,0.,-1.));
#4449=DIRECTION('',(0.,-1.,0.));
#4450=DIRECTION('',(0.,0.,-1.));
#4451=DIRECTION('',(-1.,0.,0.));
#4452=DIRECTION('',(0.,0.,1.));
#4453=DIRECTION('',(0.,0.,-1.));
#4454=DIRECTION('',(0.,1.,0.));
#4455=DIRECTION('',(0.,0.,1.));
#4456=DIRECTION('',(1.,0.,0.));
#4457=DIRECTION('',(0.,0.,-1.));
#4458=DIRECTION('',(0.,0.,1.));
#4459=DIRECTION('',(0.,0.,-1.));
#4460=DIRECTION('',(-1.,0.,0.));
#4461=DIRECTION('',(0.,-1.,0.));
#4462=DIRECTION('',(-1.,0.,0.));
#4463=DIRECTION('',(0.,0.,-1.));
#4464=DIRECTION('',(-1.,0.,0.));
#4465=DIRECTION('',(1.,0.,0.));
#4466=DIRECTION('',(-1.,0.,0.));
#4467=DIRECTION('',(1.,0.,0.));
#4468=DIRECTION('',(0.,0.,-1.));
#4469=DIRECTION('',(1.,0.,0.));
#4470=DIRECTION('',(0.,0.,-1.));
#4471=DIRECTION('',(-1.,0.,0.));
#4472=DIRECTION('',(0.,-1.,0.));
#4473=DIRECTION('',(0.,0.,-1.));
#4474=DIRECTION('',(0.,0.,1.));
#4475=DIRECTION('',(0.,-1.,0.));
#4476=DIRECTION('',(0.,0.,-1.));
#4477=DIRECTION('',(1.,0.,0.));
#4478=DIRECTION('',(0.,-1.,0.));
#4479=DIRECTION('',(0.,0.,-1.));
#4480=DIRECTION('',(0.,1.,0.));
#4481=DIRECTION('',(0.,0.,1.));
#4482=DIRECTION('',(-1.,0.,0.));
#4483=DIRECTION('',(0.,0.,-1.));
#4484=DIRECTION('',(1.,4.37369609376188E-16,0.));
#4485=DIRECTION('',(0.,1.,0.));
#4486=DIRECTION('',(0.,0.,1.));
#4487=DIRECTION('',(0.,0.,-1.));
#4488=DIRECTION('',(-1.,0.,0.));
#4489=DIRECTION('',(0.,0.,-1.));
#4490=DIRECTION('',(-1.,0.,0.));
#4491=DIRECTION('',(0.,0.,1.));
#4492=DIRECTION('',(1.,0.,0.));
#4493=DIRECTION('',(0.,1.,0.));
#4494=DIRECTION('',(-1.,0.,0.));
#4495=DIRECTION('',(1.,0.,0.));
#4496=DIRECTION('',(0.,1.,0.));
#4497=DIRECTION('',(0.,-4.76529423208286E-16,-1.));
#4498=DIRECTION('',(0.,1.,-4.76529423208286E-16));
#4499=DIRECTION('',(0.,-1.,4.76529423208286E-16));
#4500=DIRECTION('',(-1.,0.,0.));
#4501=DIRECTION('',(0.,-1.,4.76529423208286E-16));
#4502=DIRECTION('',(-1.,0.,0.));
#4503=DIRECTION('',(0.,0.,1.));
#4504=DIRECTION('',(1.,0.,0.));
#4505=DIRECTION('',(0.,-1.,0.));
#4506=DIRECTION('',(-1.,0.,0.));
#4507=DIRECTION('',(1.,0.,0.));
#4508=DIRECTION('',(0.,-1.,0.));
#4509=DIRECTION('',(0.,-0.810561485039254,-0.585653548585646));
#4510=DIRECTION('',(0.,0.585653548585646,-0.810561485039254));
#4511=DIRECTION('',(0.,-0.585653548585646,0.810561485039254));
#4512=DIRECTION('',(-1.,0.,0.));
#4513=DIRECTION('',(0.,-0.585653548585646,0.810561485039254));
#4514=DIRECTION('',(-1.,0.,0.));
#4515=DIRECTION('',(0.,0.,1.));
#4516=DIRECTION('',(-1.,0.,0.));
#4517=DIRECTION('',(0.,-1.,0.));
#4518=DIRECTION('',(-1.,0.,0.));
#4519=DIRECTION('',(-1.,0.,0.));
#4520=DIRECTION('',(0.,-1.,0.));
#4521=DIRECTION('',(0.,0.,-1.));
#4522=DIRECTION('',(-1.,0.,0.));
#4523=DIRECTION('',(0.,-1.,0.));
#4524=DIRECTION('',(-1.,0.,0.));
#4525=DIRECTION('',(0.,-1.,0.));
#4526=DIRECTION('',(-1.,0.,0.));
#4527=DIRECTION('',(0.,0.,1.));
#4528=DIRECTION('',(-1.,0.,0.));
#4529=DIRECTION('',(0.,-1.,0.));
#4530=DIRECTION('',(-1.,0.,0.));
#4531=DIRECTION('',(-1.,0.,0.));
#4532=DIRECTION('',(0.,-1.,0.));
#4533=DIRECTION('',(0.,0.810561485039254,-0.585653548585646));
#4534=DIRECTION('',(0.,0.585653548585646,0.810561485039254));
#4535=DIRECTION('',(0.,-0.585653548585647,-0.810561485039254));
#4536=DIRECTION('',(-1.,0.,0.));
#4537=DIRECTION('',(0.,-0.585653548585647,-0.810561485039254));
#4538=DIRECTION('',(-1.,0.,0.));
#4539=DIRECTION('',(0.,0.,1.));
#4540=DIRECTION('',(1.,0.,0.));
#4541=DIRECTION('',(0.,-1.,0.));
#4542=DIRECTION('',(-1.,0.,0.));
#4543=DIRECTION('',(1.,0.,0.));
#4544=DIRECTION('',(0.,-1.,0.));
#4545=DIRECTION('',(0.,0.,-1.));
#4546=DIRECTION('',(-1.,0.,0.));
#4547=DIRECTION('',(0.,-1.,0.));
#4548=DIRECTION('',(-1.,0.,0.));
#4549=DIRECTION('',(0.,-1.,0.));
#4550=DIRECTION('',(-1.,0.,0.));
#4551=DIRECTION('',(0.,0.,1.));
#4552=DIRECTION('',(1.,0.,0.));
#4553=DIRECTION('',(0.,-1.,0.));
#4554=DIRECTION('',(-1.,0.,0.));
#4555=DIRECTION('',(1.,0.,0.));
#4556=DIRECTION('',(0.,-1.,0.));
#4557=DIRECTION('',(0.,-1.,0.));
#4558=DIRECTION('',(0.,0.,-1.));
#4559=DIRECTION('',(0.,0.,-1.));
#4560=DIRECTION('',(0.,-1.,0.));
#4561=DIRECTION('',(0.,0.,-1.));
#4562=DIRECTION('',(-1.,0.,0.));
#4563=DIRECTION('',(0.,0.,1.));
#4564=DIRECTION('',(0.,1.,0.));
#4565=DIRECTION('',(0.,0.,1.));
#4566=DIRECTION('',(0.,-1.,0.));
#4567=DIRECTION('',(0.,0.,-1.));
#4568=DIRECTION('',(0.,-1.,0.));
#4569=DIRECTION('',(0.,-1.,0.));
#4570=DIRECTION('',(0.,0.,-1.));
#4571=DIRECTION('',(0.,0.,-1.));
#4572=DIRECTION('',(-1.,0.,0.));
#4573=DIRECTION('',(0.,0.,-1.));
#4574=DIRECTION('',(0.,1.,0.));
#4575=DIRECTION('',(0.,0.,1.));
#4576=DIRECTION('',(0.,-1.,0.));
#4577=DIRECTION('',(0.,1.,0.));
#4578=DIRECTION('',(0.,0.,1.));
#4579=DIRECTION('',(0.,-1.,0.));
#4580=DIRECTION('',(0.,0.,1.));
#4581=DIRECTION('',(1.,0.,0.));
#4582=DIRECTION('',(-1.,0.,0.));
#4583=DIRECTION('',(-1.,0.,0.));
#4584=DIRECTION('',(0.,1.,0.));
#4585=DIRECTION('',(1.,0.,0.));
#4586=DIRECTION('',(0.,-1.,0.));
#4587=DIRECTION('',(0.,1.,0.));
#4588=DIRECTION('',(0.,0.,1.));
#4589=DIRECTION('',(-1.,0.,-7.92441351001107E-17));
#4590=DIRECTION('',(0.,0.,1.));
#4591=DIRECTION('',(0.,0.,1.));
#4592=DIRECTION('',(0.,1.,0.));
#4593=DIRECTION('',(0.,0.,1.));
#4594=DIRECTION('',(-1.,0.,0.));
#4595=DIRECTION('',(0.,1.,0.));
#4596=DIRECTION('',(0.,0.,1.));
#4597=DIRECTION('',(0.,0.,-1.));
#4598=DIRECTION('',(1.,0.,0.));
#4599=DIRECTION('',(0.,0.,1.));
#4600=DIRECTION('',(0.,0.,1.));
#4601=DIRECTION('',(1.,0.,0.));
#4602=DIRECTION('',(0.,0.,-1.));
#4603=DIRECTION('',(-1.,0.,0.));
#4604=DIRECTION('',(0.,0.,1.));
#4605=DIRECTION('',(1.,0.,0.));
#4606=DIRECTION('',(-1.,0.,0.));
#4607=DIRECTION('',(0.,0.,1.));
#4608=DIRECTION('',(0.,0.,1.));
#4609=DIRECTION('',(1.,0.,0.));
#4610=DIRECTION('',(0.,-1.,0.));
#4611=DIRECTION('',(0.,0.,1.));
#4612=DIRECTION('',(1.,0.,0.));
#4613=DIRECTION('',(-1.,0.,0.));
#4614=DIRECTION('',(1.,0.,0.));
#4615=DIRECTION('',(0.,-1.,0.));
#4616=DIRECTION('',(-1.,0.,0.));
#4617=DIRECTION('',(0.,0.,1.));
#4618=DIRECTION('',(0.,0.,1.));
#4619=DIRECTION('',(0.,1.,0.));
#4620=DIRECTION('',(0.,-1.,0.));
#4621=DIRECTION('',(0.,0.,-1.));
#4622=DIRECTION('',(0.,-1.,0.));
#4623=DIRECTION('',(0.,0.,-1.));
#4624=DIRECTION('',(0.,1.,0.));
#4625=DIRECTION('',(0.,0.,-1.));
#4626=DIRECTION('',(-1.,0.,0.));
#4627=DIRECTION('',(-1.,0.,0.));
#4628=DIRECTION('',(0.,-1.,0.));
#4629=DIRECTION('',(1.,0.,0.));
#4630=DIRECTION('',(0.,0.,-1.));
#4631=DIRECTION('',(0.,-1.,0.));
#4632=DIRECTION('',(0.,0.,-1.));
#4633=DIRECTION('',(0.,1.,0.));
#4634=DIRECTION('',(0.,0.,1.));
#4635=DIRECTION('',(-1.,0.,0.));
#4636=DIRECTION('',(0.,1.,0.));
#4637=DIRECTION('',(0.,0.,1.));
#4638=DIRECTION('',(-1.,0.,0.));
#4639=DIRECTION('',(0.,1.,0.));
#4640=DIRECTION('',(0.,0.,1.));
#4641=DIRECTION('',(-1.,0.,0.));
#4642=DIRECTION('',(0.,-1.,0.));
#4643=DIRECTION('',(0.,0.,-1.));
#4644=DIRECTION('',(-1.,0.,0.));
#4645=DIRECTION('',(0.,0.,1.));
#4646=DIRECTION('',(-1.,0.,0.));
#4647=DIRECTION('',(-1.,0.,0.));
#4648=DIRECTION('',(-1.,0.,0.));
#4649=DIRECTION('',(-1.,0.,0.));
#4650=DIRECTION('',(0.,0.,-1.));
#4651=DIRECTION('',(-1.,0.,0.));
#4652=DIRECTION('',(0.,0.,1.));
#4653=DIRECTION('',(1.,0.,0.));
#4654=DIRECTION('',(0.,-1.,0.));
#4655=DIRECTION('',(-1.,0.,0.));
#4656=DIRECTION('',(0.,0.,1.));
#4657=DIRECTION('',(0.,-1.,0.));
#4658=DIRECTION('',(0.,0.,1.));
#4659=DIRECTION('',(1.,0.,0.));
#4660=DIRECTION('',(1.,0.,0.));
#4661=DIRECTION('',(0.,1.,0.));
#4662=DIRECTION('',(1.,0.,0.));
#4663=DIRECTION('',(0.,0.,-1.));
#4664=DIRECTION('',(0.,1.,0.));
#4665=DIRECTION('',(0.,0.,1.));
#4666=DIRECTION('',(1.,0.,0.));
#4667=DIRECTION('',(0.,1.,0.));
#4668=DIRECTION('',(0.,0.,1.));
#4669=DIRECTION('',(1.,0.,0.));
#4670=DIRECTION('',(0.,-1.,0.));
#4671=DIRECTION('',(1.,0.,0.));
#4672=DIRECTION('',(0.,1.,0.));
#4673=DIRECTION('',(-1.,0.,0.));
#4674=DIRECTION('',(0.,0.,1.));
#4675=DIRECTION('',(0.,0.,-1.));
#4676=DIRECTION('',(0.,1.,0.));
#4677=DIRECTION('',(0.,0.,-1.));
#4678=DIRECTION('',(-1.,0.,0.));
#4679=DIRECTION('',(-1.,0.,0.));
#4680=DIRECTION('',(0.,-1.,0.));
#4681=DIRECTION('',(0.,1.,0.));
#4682=DIRECTION('',(0.,0.,1.));
#4683=DIRECTION('',(0.,-1.,0.));
#4684=DIRECTION('',(0.,0.,-1.));
#4685=DIRECTION('',(0.,-1.,0.));
#4686=DIRECTION('',(1.,0.,0.));
#4687=DIRECTION('',(0.,0.,-1.));
#4688=DIRECTION('',(0.,0.,-1.));
#4689=DIRECTION('',(0.,-1.,0.));
#4690=DIRECTION('',(1.,0.,0.));
#4691=DIRECTION('',(0.,0.,-1.));
#4692=DIRECTION('',(0.,0.,1.));
#4693=DIRECTION('',(1.,0.,0.));
#4694=DIRECTION('',(0.,0.,-1.));
#4695=DIRECTION('',(-1.,0.,0.));
#4696=DIRECTION('',(0.,0.,1.));
#4697=DIRECTION('',(-1.,0.,0.));
#4698=DIRECTION('',(-1.,0.,0.));
#4699=DIRECTION('',(0.,1.,0.));
#4700=DIRECTION('',(0.,0.,1.));
#4701=DIRECTION('',(0.,0.,-1.));
#4702=DIRECTION('',(0.,1.,0.));
#4703=DIRECTION('',(0.,0.,1.));
#4704=DIRECTION('',(-1.,0.,0.));
#4705=DIRECTION('',(0.,0.,1.));
#4706=DIRECTION('',(0.,0.,-1.));
#4707=DIRECTION('',(-1.,0.,0.));
#4708=DIRECTION('',(-1.,0.,0.));
#4709=DIRECTION('',(-1.,0.,0.));
#4710=DIRECTION('',(0.,0.,-1.));
#4711=DIRECTION('',(-1.,0.,0.));
#4712=DIRECTION('',(0.,-1.,0.));
#4713=DIRECTION('',(0.,0.,1.));
#4714=DIRECTION('',(1.,0.,0.));
#4715=DIRECTION('',(0.,1.,0.));
#4716=DIRECTION('',(1.,0.,0.));
#4717=DIRECTION('',(0.,1.,0.));
#4718=DIRECTION('',(1.,0.,0.));
#4719=DIRECTION('',(0.,0.,-1.));
#4720=DIRECTION('',(1.,0.,0.));
#4721=DIRECTION('',(0.,0.,-1.));
#4722=DIRECTION('',(0.,0.,1.));
#4723=DIRECTION('',(0.,-1.,0.));
#4724=DIRECTION('',(-7.92441351001107E-17,0.,1.));
#4725=DIRECTION('',(1.,0.,7.92441351001107E-17));
#4726=DIRECTION('',(-1.,0.,-7.92441351001107E-17));
#4727=DIRECTION('',(0.,-1.,0.));
#4728=DIRECTION('',(-1.,0.,0.));
#4729=DIRECTION('',(0.,0.,1.));
#4730=DIRECTION('',(0.,0.,-1.));
#4731=DIRECTION('',(-1.,0.,0.));
#4732=DIRECTION('',(0.,0.,1.));
#4733=DIRECTION('',(0.,-1.,0.));
#4734=DIRECTION('',(0.,0.,1.));
#4735=DIRECTION('',(1.,0.,0.));
#4736=DIRECTION('',(1.,0.,0.));
#4737=DIRECTION('',(0.,1.,0.));
#4738=DIRECTION('',(-1.,0.,0.));
#4739=DIRECTION('',(0.,0.,1.));
#4740=DIRECTION('',(0.,1.,0.));
#4741=DIRECTION('',(0.,0.,1.));
#4742=DIRECTION('',(0.,-1.,0.));
#4743=DIRECTION('',(0.,0.,-1.));
#4744=DIRECTION('',(0.,0.,1.));
#4745=DIRECTION('',(0.,0.,1.));
#4746=DIRECTION('',(1.,0.,0.));
#4747=DIRECTION('',(1.,0.,0.));
#4748=DIRECTION('',(0.,-1.,0.));
#4749=DIRECTION('',(0.,0.,-1.));
#4750=DIRECTION('',(0.,0.,-1.));
#4751=DIRECTION('',(-1.,0.,0.));
#4752=DIRECTION('',(0.,0.,1.));
#4753=DIRECTION('',(0.,0.,-1.));
#4754=DIRECTION('',(0.,1.,0.));
#4755=DIRECTION('',(0.,-1.,0.));
#4756=DIRECTION('',(0.,0.,-1.));
#4757=DIRECTION('',(0.,0.,1.));
#4758=DIRECTION('',(1.,0.,0.));
#4759=DIRECTION('',(1.,0.,0.));
#4760=DIRECTION('',(0.,0.,-1.));
#4761=DIRECTION('',(1.,0.,0.));
#4762=DIRECTION('',(0.,0.,-1.));
#4763=DIRECTION('',(-1.,0.,0.));
#4764=DIRECTION('',(0.,0.,1.));
#4765=DIRECTION('',(0.,0.,-1.));
#4766=DIRECTION('',(-1.,0.,0.));
#4767=DIRECTION('',(0.,0.,1.));
#4768=DIRECTION('',(1.,0.,0.));
#4769=DIRECTION('',(0.,-1.,0.));
#4770=DIRECTION('',(0.,0.,-1.));
#4771=DIRECTION('',(0.,-1.,0.));
#4772=DIRECTION('',(0.,0.,-1.));
#4773=DIRECTION('',(0.,1.,0.));
#4774=DIRECTION('',(0.,0.,1.));
#4775=DIRECTION('',(0.,0.,1.));
#4776=DIRECTION('',(1.,0.,0.));
#4777=DIRECTION('',(0.,0.,1.));
#4778=DIRECTION('',(1.,0.,0.));
#4779=DIRECTION('',(0.,-1.,0.));
#4780=DIRECTION('',(0.,0.,-1.));
#4781=DIRECTION('',(0.,1.,0.));
#4782=DIRECTION('',(0.,0.,1.));
#4783=DIRECTION('',(1.,0.,0.));
#4784=DIRECTION('',(0.,0.,-1.));
#4785=DIRECTION('',(1.,0.,0.));
#4786=DIRECTION('',(0.,0.,-1.));
#4787=DIRECTION('',(1.,0.,0.));
#4788=DIRECTION('',(0.,0.,-1.));
#4789=DIRECTION('',(0.,0.,-1.));
#4790=DIRECTION('',(-1.,0.,0.));
#4791=DIRECTION('',(0.,0.,1.));
#4792=DIRECTION('',(1.,0.,0.));
#4793=DIRECTION('',(1.,0.,0.));
#4794=DIRECTION('',(0.,0.,-1.));
#4795=DIRECTION('',(1.,0.,0.));
#4796=DIRECTION('',(0.,0.,-1.));
#4797=DIRECTION('',(0.,-1.,0.));
#4798=DIRECTION('',(0.,0.,-1.));
#4799=DIRECTION('',(0.,-1.,0.));
#4800=DIRECTION('',(0.,0.,-1.));
#4801=DIRECTION('',(0.,-1.,0.));
#4802=DIRECTION('',(0.,0.,-1.));
#4803=DIRECTION('',(0.,1.,0.));
#4804=DIRECTION('',(0.,0.,1.));
#4805=DIRECTION('',(0.,1.,0.));
#4806=DIRECTION('',(0.,0.,1.));
#4807=DIRECTION('',(0.,0.,1.));
#4808=DIRECTION('',(1.,0.,0.));
#4809=DIRECTION('',(0.,0.,1.));
#4810=DIRECTION('',(1.,0.,0.));
#4811=DIRECTION('',(-1.,0.,0.));
#4812=DIRECTION('',(0.,0.,1.));
#4813=DIRECTION('',(-1.,0.,0.));
#4814=DIRECTION('',(0.,0.,1.));
#4815=DIRECTION('',(1.,0.,0.));
#4816=DIRECTION('',(0.,0.,-1.));
#4817=CARTESIAN_POINT('',(0.,0.,0.));
#4818=CARTESIAN_POINT('',(3.35,1.3,1.7));
#4819=CARTESIAN_POINT('',(2.73635940657516,1.3,1.65166856796674));
#4820=CARTESIAN_POINT('',(2.73635940657516,1.3,1.55988178716674));
#4821=CARTESIAN_POINT('',(2.73635940657516,1.3,1.7));
#4822=CARTESIAN_POINT('',(3.35,1.3,1.55988178716674));
#4823=CARTESIAN_POINT('',(-2.73635940657516,1.3,1.55988178716674));
#4824=CARTESIAN_POINT('',(-2.73635940657516,1.3,1.65166856796674));
#4825=CARTESIAN_POINT('',(-2.73635940657516,1.3,1.7));
#4826=CARTESIAN_POINT('',(3.35,1.3,1.7));
#4827=CARTESIAN_POINT('',(0.098817754995934,-1.54148063876106,0.719662631262554));
#4828=CARTESIAN_POINT('',(0.098817754995934,-1.54148063876106,0.410184386684611));
#4829=CARTESIAN_POINT('',(0.166308034995933,-1.54148063876106,0.410184386684611));
#4830=CARTESIAN_POINT('',(1.33567872889789,-1.54148063876106,0.410184386684611));
#4831=CARTESIAN_POINT('',(0.166308034995933,-1.54148063876106,0.719662631262554));
#4832=CARTESIAN_POINT('',(0.166308034995933,-1.54148063876106,0.719662631262554));
#4833=CARTESIAN_POINT('',(0.098817754995934,-1.54148063876106,0.719662631262554));
#4834=CARTESIAN_POINT('',(1.33567872889789,-1.54148063876106,0.719662631262554));
#4835=CARTESIAN_POINT('',(1.33567872889789,-1.54148063876106,0.410184386684611));
#4836=CARTESIAN_POINT('',(0.098817754995934,-1.3557078926265,0.719662631262554));
#4837=CARTESIAN_POINT('',(0.166308034995933,-1.3557078926265,0.719662631262554));
#4838=CARTESIAN_POINT('',(0.166308034995933,-1.3557078926265,0.905435377397116));
#4839=CARTESIAN_POINT('',(0.098817754995934,-1.3557078926265,0.905435377397116));
#4840=CARTESIAN_POINT('',(1.33567872889789,-1.3557078926265,0.905435377397116));
#4841=CARTESIAN_POINT('',(1.33567872889789,-1.3557078926265,0.719662631262554));
#4842=CARTESIAN_POINT('',(0.098817754995934,-1.28392799155015,0.905435377397116));
#4843=CARTESIAN_POINT('',(0.166308034995933,-1.28392799155015,0.905435377397116));
#4844=CARTESIAN_POINT('',(0.166308034995933,-1.21442077880567,0.905435377397116));
#4845=CARTESIAN_POINT('',(0.166308034995933,-1.21442077880567,0.905435377397116));
#4846=CARTESIAN_POINT('',(1.33567872889789,-1.21442077880567,0.905435377397116));
#4847=CARTESIAN_POINT('',(1.33567872889789,-1.3557078926265,0.905435377397116));
#4848=CARTESIAN_POINT('',(0.098817754995934,-2.82619631901876,1.46018438668461));
#4849=CARTESIAN_POINT('',(1.33567872889789,-1.28392799155015,1.46018438668461));
#4850=CARTESIAN_POINT('',(1.33567872889789,-2.73392799155015,1.46018438668461));
#4851=CARTESIAN_POINT('',(1.33567872889789,-1.21442077880567,1.46018438668461));
#4852=CARTESIAN_POINT('',(0.166308034995933,-1.21442077880567,1.46018438668461));
#4853=CARTESIAN_POINT('',(0.166308034995933,-1.21442077880567,1.46018438668461));
#4854=CARTESIAN_POINT('',(0.166308034995933,-2.82619631901876,1.46018438668461));
#4855=CARTESIAN_POINT('',(0.166308034995933,-2.73392799155015,1.46018438668461));
#4856=CARTESIAN_POINT('',(0.098817754995934,-2.73392799155015,1.46018438668461));
#4857=CARTESIAN_POINT('',(0.098817754995934,-2.73392799155015,1.41018438668461));
#4858=CARTESIAN_POINT('',(0.166308034995933,-2.73392799155015,1.41018438668461));
#4859=CARTESIAN_POINT('',(0.166308034995933,-2.78392799155015,1.41018438668461));
#4860=CARTESIAN_POINT('',(0.098817754995934,-2.78392799155015,1.41018438668461));
#4861=CARTESIAN_POINT('',(1.33567872889789,-2.78392799155015,1.41018438668461));
#4862=CARTESIAN_POINT('',(1.33567872889789,-2.73392799155015,1.41018438668461));
#4863=CARTESIAN_POINT('',(0.098817754995934,-2.78392799155015,0.184809534141339));
#4864=CARTESIAN_POINT('',(0.166308034995933,-2.78392799155015,0.184809534141339));
#4865=CARTESIAN_POINT('',(0.166308034995933,-2.78392799155015,0.410184386684611));
#4866=CARTESIAN_POINT('',(0.098817754995934,-2.78392799155015,0.410184386684611));
#4867=CARTESIAN_POINT('',(1.33567872889789,-2.78392799155015,0.410184386684611));
#4868=CARTESIAN_POINT('',(1.33567872889789,-2.78392799155015,1.41018438668461));
#4869=CARTESIAN_POINT('',(0.098817754995934,-2.73392799155015,0.410184386684611));
#4870=CARTESIAN_POINT('',(0.166308034995933,-2.73392799155015,0.410184386684611));
#4871=CARTESIAN_POINT('',(0.166308034995933,-2.73392799155015,0.360184386684611));
#4872=CARTESIAN_POINT('',(0.098817754995934,-2.73392799155015,0.360184386684611));
#4873=CARTESIAN_POINT('',(1.33567872889789,-2.73392799155015,0.360184386684611));
#4874=CARTESIAN_POINT('',(1.33567872889789,-2.73392799155015,0.410184386684611));
#4875=CARTESIAN_POINT('',(0.098817754995934,-1.59148063876106,0.360184386684611));
#4876=CARTESIAN_POINT('',(0.166308034995933,-1.59148063876106,0.360184386684611));
#4877=CARTESIAN_POINT('',(0.166308034995933,-1.59148063876106,0.360184386684611));
#4878=CARTESIAN_POINT('',(0.098817754995934,-1.59148063876106,0.360184386684611));
#4879=CARTESIAN_POINT('',(1.33567872889789,-1.59148063876106,0.360184386684611));
#4880=CARTESIAN_POINT('',(1.33567872889789,-2.73392799155015,0.360184386684611));
#4881=CARTESIAN_POINT('',(0.098817754995934,-1.59148063876106,0.410184386684611));
#4882=CARTESIAN_POINT('',(0.166308034995933,-1.59148063876106,0.410184386684611));
#4883=CARTESIAN_POINT('',(1.33567872889789,-1.59148063876106,0.410184386684611));
#4884=CARTESIAN_POINT('',(0.098817754995934,-1.3557078926265,0.719662631262554));
#4885=CARTESIAN_POINT('',(0.098817754995934,-1.3557078926265,1.39269410668461));
#4886=CARTESIAN_POINT('',(0.098817754995934,-2.71643771155015,1.39269410668461));
#4887=CARTESIAN_POINT('',(0.098817754995934,-1.21442077880567,1.39269410668461));
#4888=CARTESIAN_POINT('',(0.098817754995934,-1.21442077880567,0.972925657397115));
#4889=CARTESIAN_POINT('',(0.098817754995934,-1.21442077880567,0.972925657397115));
#4890=CARTESIAN_POINT('',(0.098817754995934,-1.3557078926265,0.972925657397115));
#4891=CARTESIAN_POINT('',(0.098817754995934,-1.3557078926265,0.972925657397115));
#4892=CARTESIAN_POINT('',(0.098817754995934,-1.3557078926265,0.719662631262554));
#4893=CARTESIAN_POINT('',(0.098817754995934,-1.60897091876106,0.719662631262554));
#4894=CARTESIAN_POINT('',(0.098817754995934,-1.60897091876106,0.719662631262554));
#4895=CARTESIAN_POINT('',(0.098817754995934,-1.60897091876106,0.42767466668461));
#4896=CARTESIAN_POINT('',(0.098817754995934,-1.3557078926265,0.42767466668461));
#4897=CARTESIAN_POINT('',(0.098817754995934,-2.71643771155015,0.42767466668461));
#4898=CARTESIAN_POINT('',(0.098817754995934,-2.71643771155015,0.719662631262555));
#4899=CARTESIAN_POINT('',(1.40316900889789,-1.3557078926265,0.719662631262554));
#4900=CARTESIAN_POINT('',(1.40316900889789,-1.28392799155015,0.972925657397115));
#4901=CARTESIAN_POINT('',(1.40316900889789,-1.3557078926265,0.972925657397115));
#4902=CARTESIAN_POINT('',(1.40316900889789,-1.21442077880567,0.972925657397115));
#4903=CARTESIAN_POINT('',(1.40316900889789,-1.21442077880567,0.972925657397115));
#4904=CARTESIAN_POINT('',(1.40316900889789,-1.21442077880567,1.39269410668461));
#4905=CARTESIAN_POINT('',(1.40316900889789,-2.73392799155015,1.39269410668461));
#4906=CARTESIAN_POINT('',(1.40316900889789,-2.71643771155015,1.39269410668461));
#4907=CARTESIAN_POINT('',(1.40316900889789,-2.71643771155015,0.410184386684611));
#4908=CARTESIAN_POINT('',(1.40316900889789,-2.71643771155015,0.42767466668461));
#4909=CARTESIAN_POINT('',(1.40316900889789,-1.59148063876106,0.42767466668461));
#4910=CARTESIAN_POINT('',(1.40316900889789,-1.60897091876106,0.42767466668461));
#4911=CARTESIAN_POINT('',(1.40316900889789,-1.60897091876106,0.719662631262554));
#4912=CARTESIAN_POINT('',(1.40316900889789,-1.60897091876106,0.719662631262554));
#4913=CARTESIAN_POINT('',(1.40316900889789,-1.3557078926265,0.719662631262554));
#4914=CARTESIAN_POINT('',(1.33567872889789,-1.3557078926265,1.39269410668461));
#4915=CARTESIAN_POINT('',(1.33567872889789,-2.71643771155015,1.39269410668461));
#4916=CARTESIAN_POINT('',(1.33567872889789,-1.21442077880567,1.39269410668461));
#4917=CARTESIAN_POINT('',(1.33567872889789,-2.78392799155015,1.41018438668461));
#4918=CARTESIAN_POINT('',(1.33567872889789,-2.78392799155015,1.46018438668461));
#4919=CARTESIAN_POINT('',(1.33567872889789,-2.73392799155015,1.46018438668461));
#4920=CARTESIAN_POINT('',(1.37105501853488,-2.78392799155015,1.4101839590149));
#4921=CARTESIAN_POINT('',(1.3973898957204,-2.7838975753769,1.46015397051136));
#4922=CARTESIAN_POINT('',(1.37105501853488,-2.73392756388045,1.46018438668461));
#4923=CARTESIAN_POINT('',(1.40316900889789,-2.75179478136323,1.40185698244998));
#4924=CARTESIAN_POINT('',(1.40316970322629,-2.73869469488111,1.41495109001555));
#4925=CARTESIAN_POINT('',(1.40316900889789,-2.72560058731553,1.42805117649767));
#4926=CARTESIAN_POINT('',(1.40316900889789,-2.71643771155015,1.39269410668461));
#4927=CARTESIAN_POINT('',(1.40316900889789,-2.71643771155015,1.39269410668461));
#4928=CARTESIAN_POINT('',(1.40316900889789,-2.71643771155015,1.39269410668461));
#4929=CARTESIAN_POINT('',(1.33567872889789,-2.71643771155015,1.39269410668461));
#4930=CARTESIAN_POINT('',(1.33567872889789,-2.71643771155015,0.719662631262555));
#4931=CARTESIAN_POINT('',(1.33567872889789,-2.71643771155015,0.42767466668461));
#4932=CARTESIAN_POINT('',(1.33567872889789,-2.73392799155015,0.360184386684611));
#4933=CARTESIAN_POINT('',(1.33567872889789,-2.78392799155015,0.360184386684611));
#4934=CARTESIAN_POINT('',(1.33567872889789,-2.78392799155015,0.410184386684611));
#4935=CARTESIAN_POINT('',(1.37105501853488,-2.73392756388045,0.360184386684611));
#4936=CARTESIAN_POINT('',(1.3973898957204,-2.7838975753769,0.360214802857861));
#4937=CARTESIAN_POINT('',(1.37105501853488,-2.78392799155015,0.410184814354317));
#4938=CARTESIAN_POINT('',(1.40316900889789,-2.72560058731553,0.39231759687155));
#4939=CARTESIAN_POINT('',(1.40316970322633,-2.7386946948811,0.405417683353662));
#4940=CARTESIAN_POINT('',(1.40316900889789,-2.75179478136322,0.418511790919242));
#4941=CARTESIAN_POINT('',(1.40316900889789,-2.71643771155015,0.427674666684611));
#4942=CARTESIAN_POINT('',(1.40316900889789,-2.71643771155015,0.427674666684611));
#4943=CARTESIAN_POINT('',(1.40316900889789,-2.71643771155015,0.42767466668461));
#4944=CARTESIAN_POINT('',(1.33567872889789,-2.71643771155015,0.42767466668461));
#4945=CARTESIAN_POINT('',(1.33567872889789,-1.3557078926265,0.42767466668461));
#4946=CARTESIAN_POINT('',(1.33567872889789,-1.60897091876106,0.42767466668461));
#4947=CARTESIAN_POINT('',(1.33567872889789,-1.54148063876106,0.410184386684611));
#4948=CARTESIAN_POINT('',(1.33567872889789,-1.54148063876106,0.360184386684611));
#4949=CARTESIAN_POINT('',(1.33567872889789,-1.59148063876106,0.360184386684611));
#4950=CARTESIAN_POINT('',(1.37105501853488,-1.54148063876106,0.410184814354317));
#4951=CARTESIAN_POINT('',(1.3973898957204,-1.54151105493431,0.360214802857868));
#4952=CARTESIAN_POINT('',(1.37105501853488,-1.59148106643076,0.360184386684611));
#4953=CARTESIAN_POINT('',(1.40316900889789,-1.573613848948,0.418511790919242));
#4954=CARTESIAN_POINT('',(1.40316970322629,-1.58671393543011,0.405417683353664));
#4955=CARTESIAN_POINT('',(1.40316900889789,-1.59980804299569,0.39231759687155));
#4956=CARTESIAN_POINT('',(1.40316900889789,-1.60897091876106,0.42767466668461));
#4957=CARTESIAN_POINT('',(1.40316900889789,-1.60897091876106,0.427674666684611));
#4958=CARTESIAN_POINT('',(1.40316900889789,-1.60897091876106,0.427674666684611));
#4959=CARTESIAN_POINT('',(1.33567872889789,-1.60897091876106,0.42767466668461));
#4960=CARTESIAN_POINT('',(1.33567872889789,-1.60897091876106,0.719662631262554));
#4961=CARTESIAN_POINT('',(1.33567872889789,-1.60897091876106,0.719662631262554));
#4962=CARTESIAN_POINT('',(1.33567872889789,-1.3557078926265,0.719662631262554));
#4963=CARTESIAN_POINT('',(1.33567872889789,-1.3557078926265,0.972925657397115));
#4964=CARTESIAN_POINT('',(1.33567872889789,-1.3557078926265,0.972925657397115));
#4965=CARTESIAN_POINT('',(1.33567872889789,-1.21442077880567,0.972925657397115));
#4966=CARTESIAN_POINT('',(0.166308034995933,-2.82619631901876,1.39269410668461));
#4967=CARTESIAN_POINT('',(0.166308034995933,-2.71643771155015,1.39269410668461));
#4968=CARTESIAN_POINT('',(0.166308034995933,-1.21442077880567,1.39269410668461));
#4969=CARTESIAN_POINT('',(0.166308034995933,-2.73392799155015,1.46018438668461));
#4970=CARTESIAN_POINT('',(0.166308034995933,-2.78392799155015,1.46018438668461));
#4971=CARTESIAN_POINT('',(0.166308034995933,-2.78392799155015,1.41018438668461));
#4972=CARTESIAN_POINT('',(0.13093174535894,-2.73392756388045,1.46018438668461));
#4973=CARTESIAN_POINT('',(0.104596868173419,-2.7838975753769,1.46015397051136));
#4974=CARTESIAN_POINT('',(0.130931745358941,-2.78392799155015,1.4101839590149));
#4975=CARTESIAN_POINT('',(0.098817754995934,-2.72560058731553,1.42805117649767));
#4976=CARTESIAN_POINT('',(0.098817060667559,-2.73869469488112,1.41495109001555));
#4977=CARTESIAN_POINT('',(0.098817754995934,-2.75179478136322,1.40185698244998));
#4978=CARTESIAN_POINT('',(0.098817754995934,-2.71643771155015,1.39269410668461));
#4979=CARTESIAN_POINT('',(0.098817754995934,-2.71643771155015,1.39269410668461));
#4980=CARTESIAN_POINT('',(0.098817754995934,-2.71643771155015,1.39269410668461));
#4981=CARTESIAN_POINT('',(0.166308034995933,-2.71643771155015,1.39269410668461));
#4982=CARTESIAN_POINT('',(0.166308034995933,-2.71643771155015,0.184809534141339));
#4983=CARTESIAN_POINT('',(0.166308034995933,-2.71643771155015,0.42767466668461));
#4984=CARTESIAN_POINT('',(0.166308034995933,-2.78392799155015,0.410184386684611));
#4985=CARTESIAN_POINT('',(0.166308034995933,-2.78392799155015,0.360184386684611));
#4986=CARTESIAN_POINT('',(0.166308034995933,-2.73392799155015,0.360184386684611));
#4987=CARTESIAN_POINT('',(0.130931745358941,-2.78392799155015,0.410184814354317));
#4988=CARTESIAN_POINT('',(0.104596868173423,-2.7838975753769,0.360214802857868));
#4989=CARTESIAN_POINT('',(0.13093174535894,-2.73392756388045,0.360184386684611));
#4990=CARTESIAN_POINT('',(0.0988177549959342,-2.75179478136322,0.418511790919242));
#4991=CARTESIAN_POINT('',(0.0988170606675204,-2.73869469488109,0.405417683353658));
#4992=CARTESIAN_POINT('',(0.0988177549959339,-2.72560058731553,0.39231759687155));
#4993=CARTESIAN_POINT('',(0.098817754995934,-2.71643771155016,0.42767466668461));
#4994=CARTESIAN_POINT('',(0.098817754995934,-2.71643771155016,0.427674666684611));
#4995=CARTESIAN_POINT('',(0.098817754995934,-2.71643771155015,0.427674666684611));
#4996=CARTESIAN_POINT('',(0.166308034995933,-2.71643771155015,0.42767466668461));
#4997=CARTESIAN_POINT('',(0.166308034995933,-1.59148063876106,0.42767466668461));
#4998=CARTESIAN_POINT('',(0.166308034995933,-1.60897091876106,0.42767466668461));
#4999=CARTESIAN_POINT('',(0.166308034995933,-1.59148063876106,0.360184386684611));
#5000=CARTESIAN_POINT('',(0.166308034995933,-1.54148063876106,0.360184386684611));
#5001=CARTESIAN_POINT('',(0.166308034995933,-1.54148063876106,0.410184386684611));
#5002=CARTESIAN_POINT('',(0.13093174535894,-1.59148106643076,0.360184386684611));
#5003=CARTESIAN_POINT('',(0.104596868173423,-1.54151105493431,0.360214802857869));
#5004=CARTESIAN_POINT('',(0.13093174535894,-1.54148063876106,0.410184814354317));
#5005=CARTESIAN_POINT('',(0.0988177549959339,-1.59980804299569,0.39231759687155));
#5006=CARTESIAN_POINT('',(0.0988170606675301,-1.58671393543011,0.405417683353665));
#5007=CARTESIAN_POINT('',(0.098817754995934,-1.573613848948,0.418511790919242));
#5008=CARTESIAN_POINT('',(0.098817754995934,-1.60897091876106,0.427674666684611));
#5009=CARTESIAN_POINT('',(0.098817754995934,-1.60897091876106,0.427674666684611));
#5010=CARTESIAN_POINT('',(0.098817754995934,-1.60897091876106,0.42767466668461));
#5011=CARTESIAN_POINT('',(0.166308034995933,-1.60897091876106,0.42767466668461));
#5012=CARTESIAN_POINT('',(0.166308034995933,-1.60897091876106,0.719662631262554));
#5013=CARTESIAN_POINT('',(0.166308034995933,-1.60897091876106,0.719662631262554));
#5014=CARTESIAN_POINT('',(0.166308034995933,-1.3557078926265,0.719662631262554));
#5015=CARTESIAN_POINT('',(0.166308034995933,-1.3557078926265,0.972925657397115));
#5016=CARTESIAN_POINT('',(0.166308034995933,-1.28392799155015,0.972925657397115));
#5017=CARTESIAN_POINT('',(0.166308034995933,-1.21442077880567,0.972925657397115));
#5018=CARTESIAN_POINT('',(-1.62232173626656,-1.35343520429464,0.852227506226586));
#5019=CARTESIAN_POINT('',(1.62232173626656,-1.35343520429464,0.852227506226586));
#5020=CARTESIAN_POINT('',(1.62232173626656,-1.28392799155015,0.852227506226586));
#5021=CARTESIAN_POINT('',(1.62232173626656,-1.21442077880567,0.852227506226586));
#5022=CARTESIAN_POINT('',(-1.62232173626656,-1.21442077880567,0.852227506226586));
#5023=CARTESIAN_POINT('',(-1.62232173626656,-1.21442077880567,0.852227506226586));
#5024=CARTESIAN_POINT('',(-1.62232173626656,-1.35343520429464,0.852227506226586));
#5025=CARTESIAN_POINT('',(-1.62232173626656,-1.28392799155015,0.852227506226586));
#5026=CARTESIAN_POINT('',(2.67134353358123E-17,-1.28392799155015,0.852227506226586));
#5027=CARTESIAN_POINT('',(1.62232173626656,-1.35343520429464,0.852227506226586));
#5028=CARTESIAN_POINT('',(1.62232173626656,-1.35343520429464,1.50729094378628));
#5029=CARTESIAN_POINT('',(1.62232173626656,-1.28392799155015,1.50729094378628));
#5030=CARTESIAN_POINT('',(1.62232173626656,-1.21442077880567,1.50729094378628));
#5031=CARTESIAN_POINT('',(1.62232173626656,-1.21442077880567,0.852227506226586));
#5032=CARTESIAN_POINT('',(1.62232173626656,-1.28392799155015,1.65166856796674));
#5033=CARTESIAN_POINT('',(1.62232173626656,-1.35343520429464,1.50729094378628));
#5034=CARTESIAN_POINT('',(-1.62232173626656,-1.35343520429464,1.50729094378628));
#5035=CARTESIAN_POINT('',(-1.62232173626656,-1.28392799155015,1.50729094378628));
#5036=CARTESIAN_POINT('',(-1.62232173626656,-1.21442077880567,1.50729094378628));
#5037=CARTESIAN_POINT('',(1.62232173626656,-1.21442077880567,1.50729094378628));
#5038=CARTESIAN_POINT('',(1.92975943421652E-17,-1.28392799155015,1.50729094378628));
#5039=CARTESIAN_POINT('',(-1.62232173626656,-1.35343520429464,1.50729094378628));
#5040=CARTESIAN_POINT('',(-1.62232173626656,-1.21442077880567,1.50729094378628));
#5041=CARTESIAN_POINT('',(-1.62232173626656,-1.28392799155015,1.65166856796674));
#5042=CARTESIAN_POINT('',(0.,-1.21442077880567,0.));
#5043=CARTESIAN_POINT('',(0.547249804522787,2.19205342024894,-0.2));
#5044=CARTESIAN_POINT('',(0.547249804522787,2.19205342024894,0.2));
#5045=CARTESIAN_POINT('',(0.547249804522787,2.19205342024894,0.2));
#5046=CARTESIAN_POINT('',(0.954736959371033,2.19205342024894,0.2));
#5047=CARTESIAN_POINT('',(0.954736959371033,2.19205342024894,-0.2));
#5048=CARTESIAN_POINT('',(0.954736959371033,2.19205342024894,-0.02396622916044));
#5049=CARTESIAN_POINT('',(0.547249804522787,2.19205342024894,-0.02396622916044));
#5050=CARTESIAN_POINT('',(0.547249804522787,2.19205342024894,-0.02396622916044));
#5051=CARTESIAN_POINT('',(0.547249804522787,2.19205342024894,-0.2));
#5052=CARTESIAN_POINT('',(2.04724980452279,2.19205342024894,-0.2));
#5053=CARTESIAN_POINT('',(2.04724980452279,2.19205342024894,0.2));
#5054=CARTESIAN_POINT('',(2.04724980452279,2.19205342024894,0.2));
#5055=CARTESIAN_POINT('',(2.45473695937103,2.19205342024894,0.2));
#5056=CARTESIAN_POINT('',(2.45473695937103,2.19205342024894,-0.2));
#5057=CARTESIAN_POINT('',(2.45473695937103,2.19205342024894,-0.02396622916044));
#5058=CARTESIAN_POINT('',(2.04724980452279,2.19205342024894,-0.02396622916044));
#5059=CARTESIAN_POINT('',(2.04724980452279,2.19205342024894,-0.02396622916044));
#5060=CARTESIAN_POINT('',(2.04724980452279,2.19205342024894,-0.2));
#5061=CARTESIAN_POINT('',(-2.45041452258701,2.19205342024894,-0.2));
#5062=CARTESIAN_POINT('',(-2.45041452258701,2.19205342024894,0.2));
#5063=CARTESIAN_POINT('',(-2.45041452258701,2.19205342024894,0.2));
#5064=CARTESIAN_POINT('',(-2.04292736773877,2.19205342024894,0.2));
#5065=CARTESIAN_POINT('',(-2.04292736773877,2.19205342024894,-0.2));
#5066=CARTESIAN_POINT('',(-2.04292736773877,2.19205342024894,-0.02396622916044));
#5067=CARTESIAN_POINT('',(-2.45041452258701,2.19205342024894,-0.02396622916044));
#5068=CARTESIAN_POINT('',(-2.45041452258701,2.19205342024894,-0.02396622916044));
#5069=CARTESIAN_POINT('',(-2.45041452258701,2.19205342024894,-0.2));
#5070=CARTESIAN_POINT('',(0.,0.,0.272027062218039));
#5071=CARTESIAN_POINT('',(3.35,1.3,0.272027062218039));
#5072=CARTESIAN_POINT('',(3.457984448,1.3,0.272027062218039));
#5073=CARTESIAN_POINT('',(3.8457830399016,1.3,0.272027062218039));
#5074=CARTESIAN_POINT('',(3.457984448,0.87258483195863,0.272027062218039));
#5075=CARTESIAN_POINT('',(3.457984448,0.87258483195863,0.272027062218039));
#5076=CARTESIAN_POINT('',(3.8457830399016,0.87258483195863,0.272027062218039));
#5077=CARTESIAN_POINT('',(3.8457830399016,0.87258483195863,0.272027062218039));
#5078=CARTESIAN_POINT('',(3.8457830399016,1.3,0.272027062218039));
#5079=CARTESIAN_POINT('',(0.,0.,0.272027062218039));
#5080=CARTESIAN_POINT('',(-3.8457830399016,0.87258483195863,0.272027062218039));
#5081=CARTESIAN_POINT('',(-3.457984448,0.87258483195863,0.272027062218039));
#5082=CARTESIAN_POINT('',(-3.8457830399016,0.87258483195863,0.272027062218039));
#5083=CARTESIAN_POINT('',(-3.457984448,1.3,0.272027062218039));
#5084=CARTESIAN_POINT('',(-3.457984448,1.3,0.272027062218039));
#5085=CARTESIAN_POINT('',(-3.35,1.3,0.272027062218039));
#5086=CARTESIAN_POINT('',(-3.8457830399016,1.3,0.272027062218039));
#5087=CARTESIAN_POINT('',(-3.8457830399016,1.3,0.272027062218039));
#5088=CARTESIAN_POINT('',(3.2272904,0.,1.5772904));
#5089=CARTESIAN_POINT('',(3.2272904,-0.47547556209378,1.5772904));
#5090=CARTESIAN_POINT('',(3.35,-0.47547556209378,1.5772904));
#5091=CARTESIAN_POINT('',(3.2272904,-0.47547556209378,1.7));
#5092=CARTESIAN_POINT('',(3.35,-0.47547556209378,1.5772904));
#5093=CARTESIAN_POINT('',(3.35,0.47547556209378,1.5772904));
#5094=CARTESIAN_POINT('',(3.2272904,0.47547556209378,1.5772904));
#5095=CARTESIAN_POINT('',(3.2272904,0.47547556209378,1.7));
#5096=CARTESIAN_POINT('',(3.2272904,0.47547556209378,1.7));
#5097=CARTESIAN_POINT('',(2.73635940657516,0.47547556209378,1.65166856796674));
#5098=CARTESIAN_POINT('',(3.35,0.47547556209378,1.65166856796674));
#5099=CARTESIAN_POINT('',(3.35,0.47547556209378,0.682159324493469));
#5100=CARTESIAN_POINT('',(2.73635940657516,0.47547556209378,0.682159324493469));
#5101=CARTESIAN_POINT('',(3.27321130102043,0.47547556209378,0.682159324493469));
#5102=CARTESIAN_POINT('',(3.27321130102043,0.47547556209378,1.65166856796674));
#5103=CARTESIAN_POINT('',(3.27321130102043,0.47547556209378,1.55988178716674));
#5104=CARTESIAN_POINT('',(3.18142452022043,0.47547556209378,1.55988178716674));
#5105=CARTESIAN_POINT('',(3.18142452022043,0.47547556209378,1.65166856796674));
#5106=CARTESIAN_POINT('',(2.73635940657516,0.47547556209378,1.65166856796674));
#5107=CARTESIAN_POINT('',(2.73635940657516,0.47547556209378,1.65166856796674));
#5108=CARTESIAN_POINT('',(2.73635940657516,0.47547556209378,1.65166856796674));
#5109=CARTESIAN_POINT('',(2.73635940657516,0.47547556209378,1.7));
#5110=CARTESIAN_POINT('',(2.73635940657516,0.47547556209378,1.7));
#5111=CARTESIAN_POINT('',(3.27321130102043,0.598185162093778,0.682159324493469));
#5112=CARTESIAN_POINT('',(3.27321130102043,0.598185162093778,0.682159324493469));
#5113=CARTESIAN_POINT('',(3.27321130102043,0.598185162093778,0.559449724493471));
#5114=CARTESIAN_POINT('',(3.35,0.598185162093778,0.682159324493469));
#5115=CARTESIAN_POINT('',(3.35,0.598185162093778,0.559449724493471));
#5116=CARTESIAN_POINT('',(3.27321130102043,0.598185162093778,0.559449724493471));
#5117=CARTESIAN_POINT('',(3.27321130102043,0.47547556209378,0.559449724493471));
#5118=CARTESIAN_POINT('',(3.27321130102043,1.3,0.559449724493471));
#5119=CARTESIAN_POINT('',(3.27321130102043,1.3,0.559449724493471));
#5120=CARTESIAN_POINT('',(3.35,1.3,0.559449724493471));
#5121=CARTESIAN_POINT('',(3.27321130102043,1.3,0.559449724493471));
#5122=CARTESIAN_POINT('',(3.18142452022043,1.3,0.559449724493471));
#5123=CARTESIAN_POINT('',(3.18142452022043,1.2082132192,0.559449724493471));
#5124=CARTESIAN_POINT('',(3.27321130102043,1.2082132192,0.559449724493471));
#5125=CARTESIAN_POINT('',(3.27321130102043,0.47547556209378,0.559449724493471));
#5126=CARTESIAN_POINT('',(3.35,0.47547556209378,0.559449724493471));
#5127=CARTESIAN_POINT('',(3.457984448,-1.3,0.380011510218037));
#5128=CARTESIAN_POINT('',(3.457984448,0.87258483195863,0.380011510218037));
#5129=CARTESIAN_POINT('',(3.35,0.87258483195863,0.380011510218037));
#5130=CARTESIAN_POINT('',(3.457984448,1.3,0.380011510218037));
#5131=CARTESIAN_POINT('',(3.35,1.3,0.380011510218037));
#5132=CARTESIAN_POINT('',(3.35,1.3,0.380011510218037));
#5133=CARTESIAN_POINT('',(0.,0.,-0.02396622916044));
#5134=CARTESIAN_POINT('',(2.04724980452279,1.3,-0.02396622916044));
#5135=CARTESIAN_POINT('',(2.04724980452279,1.3,-0.02396622916044));
#5136=CARTESIAN_POINT('',(2.45473695937103,2.19205342024894,-0.02396622916044));
#5137=CARTESIAN_POINT('',(2.45473695937103,1.3,-0.02396622916044));
#5138=CARTESIAN_POINT('',(2.45473695937103,1.3,-0.02396622916044));
#5139=CARTESIAN_POINT('',(0.,0.,-0.02396622916044));
#5140=CARTESIAN_POINT('',(0.954736959371033,2.19205342024894,-0.02396622916044));
#5141=CARTESIAN_POINT('',(0.954736959371033,1.3,-0.02396622916044));
#5142=CARTESIAN_POINT('',(0.954736959371033,1.3,-0.02396622916044));
#5143=CARTESIAN_POINT('',(0.547249804522787,1.3,-0.02396622916044));
#5144=CARTESIAN_POINT('',(0.547249804522787,1.3,-0.02396622916044));
#5145=CARTESIAN_POINT('',(0.,0.,-0.02396622916044));
#5146=CARTESIAN_POINT('',(-2.04292736773877,2.19205342024894,-0.02396622916044));
#5147=CARTESIAN_POINT('',(-2.04292736773877,1.3,-0.02396622916044));
#5148=CARTESIAN_POINT('',(-2.04292736773877,1.3,-0.02396622916044));
#5149=CARTESIAN_POINT('',(-2.45041452258701,1.3,-0.02396622916044));
#5150=CARTESIAN_POINT('',(-2.45041452258701,1.3,-0.02396622916044));
#5151=CARTESIAN_POINT('',(0.,0.,0.2));
#5152=CARTESIAN_POINT('',(-2.45041452258701,1.3,0.2));
#5153=CARTESIAN_POINT('',(-2.45041452258701,1.3,0.2));
#5154=CARTESIAN_POINT('',(-2.04292736773877,1.3,0.2));
#5155=CARTESIAN_POINT('',(-2.04292736773877,1.3,0.2));
#5156=CARTESIAN_POINT('',(-2.04292736773877,2.19205342024894,0.2));
#5157=CARTESIAN_POINT('',(-2.04292736773877,2.19205342024894,-0.2));
#5158=CARTESIAN_POINT('',(-2.04292736773877,1.3,-0.2));
#5159=CARTESIAN_POINT('',(-2.04292736773877,1.3,0.));
#5160=CARTESIAN_POINT('',(-2.04292736773877,1.3,-0.2));
#5161=CARTESIAN_POINT('',(0.547249804522787,1.3,-0.2));
#5162=CARTESIAN_POINT('',(0.547249804522787,1.3,0.2));
#5163=CARTESIAN_POINT('',(0.547249804522787,1.3,0.2));
#5164=CARTESIAN_POINT('',(0.547249804522787,1.3,-0.2));
#5165=CARTESIAN_POINT('',(0.547249804522787,1.3,0.));
#5166=CARTESIAN_POINT('',(0.547249804522787,1.3,-0.2));
#5167=CARTESIAN_POINT('',(0.,0.,0.2));
#5168=CARTESIAN_POINT('',(0.954736959371033,1.3,0.2));
#5169=CARTESIAN_POINT('',(0.954736959371033,1.3,0.2));
#5170=CARTESIAN_POINT('',(0.954736959371033,2.19205342024894,0.2));
#5171=CARTESIAN_POINT('',(0.954736959371033,2.19205342024894,-0.2));
#5172=CARTESIAN_POINT('',(0.954736959371033,1.3,-0.2));
#5173=CARTESIAN_POINT('',(0.954736959371033,1.3,0.));
#5174=CARTESIAN_POINT('',(0.954736959371033,1.3,-0.2));
#5175=CARTESIAN_POINT('',(2.04724980452279,1.3,-0.2));
#5176=CARTESIAN_POINT('',(2.04724980452279,1.3,0.2));
#5177=CARTESIAN_POINT('',(2.04724980452279,1.3,0.2));
#5178=CARTESIAN_POINT('',(2.04724980452279,1.3,-0.2));
#5179=CARTESIAN_POINT('',(2.04724980452279,1.3,0.));
#5180=CARTESIAN_POINT('',(2.04724980452279,1.3,-0.2));
#5181=CARTESIAN_POINT('',(0.,0.,0.2));
#5182=CARTESIAN_POINT('',(2.45473695937103,1.3,0.2));
#5183=CARTESIAN_POINT('',(2.45473695937103,1.3,0.2));
#5184=CARTESIAN_POINT('',(2.45473695937103,2.19205342024894,0.2));
#5185=CARTESIAN_POINT('',(2.45473695937103,2.19205342024894,-0.2));
#5186=CARTESIAN_POINT('',(2.45473695937103,1.3,-0.2));
#5187=CARTESIAN_POINT('',(2.45473695937103,1.3,0.));
#5188=CARTESIAN_POINT('',(2.45473695937103,1.3,-0.2));
#5189=CARTESIAN_POINT('',(3.27321130102043,0.,0.));
#5190=CARTESIAN_POINT('',(3.27321130102043,1.2082132192,0.));
#5191=CARTESIAN_POINT('',(3.27321130102043,1.2082132192,1.55988178716674));
#5192=CARTESIAN_POINT('',(3.27321130102043,0.47547556209378,1.55988178716674));
#5193=CARTESIAN_POINT('',(0.,0.,1.65166856796674));
#5194=CARTESIAN_POINT('',(3.18142452022043,1.3,1.65166856796674));
#5195=CARTESIAN_POINT('',(3.18142452022043,1.2082132192,1.65166856796674));
#5196=CARTESIAN_POINT('',(2.73635940657516,1.2082132192,1.65166856796674));
#5197=CARTESIAN_POINT('',(2.73635940657516,1.2082132192,1.65166856796674));
#5198=CARTESIAN_POINT('',(2.73635940657516,1.3,1.65166856796674));
#5199=CARTESIAN_POINT('',(2.73635940657516,1.3,1.65166856796674));
#5200=CARTESIAN_POINT('',(2.73635940657516,1.3,1.7));
#5201=CARTESIAN_POINT('',(2.73635940657516,1.2082132192,1.55988178716674));
#5202=CARTESIAN_POINT('',(-2.73635940657516,1.3,1.65166856796674));
#5203=CARTESIAN_POINT('',(-2.73635940657516,1.3,1.7));
#5204=CARTESIAN_POINT('',(-2.73635940657516,0.47547556209378,1.7));
#5205=CARTESIAN_POINT('',(-2.73635940657516,1.2082132192,1.55988178716674));
#5206=CARTESIAN_POINT('',(-2.73635940657516,1.2082132192,1.65166856796674));
#5207=CARTESIAN_POINT('',(-2.73635940657516,1.3,1.65166856796674));
#5208=CARTESIAN_POINT('',(-2.73635940657516,0.47547556209378,1.65166856796674));
#5209=CARTESIAN_POINT('',(-2.73635940657516,0.47547556209378,1.65166856796674));
#5210=CARTESIAN_POINT('',(0.,0.,1.65166856796674));
#5211=CARTESIAN_POINT('',(-3.25218959118556,1.2082132192,1.65166856796674));
#5212=CARTESIAN_POINT('',(-3.16040281038556,1.2082132192,1.65166856796674));
#5213=CARTESIAN_POINT('',(-3.16040281038556,0.,1.65166856796674));
#5214=CARTESIAN_POINT('',(-3.16040281038556,0.47547556209378,1.65166856796674));
#5215=CARTESIAN_POINT('',(-2.73635940657516,0.47547556209378,1.65166856796674));
#5216=CARTESIAN_POINT('',(-3.25218959118556,0.,0.));
#5217=CARTESIAN_POINT('',(-3.25218959118556,0.47547556209378,0.559449724493471));
#5218=CARTESIAN_POINT('',(-3.25218959118556,0.47547556209378,0.682159324493469));
#5219=CARTESIAN_POINT('',(-3.25218959118556,0.47547556209378,1.55988178716674));
#5220=CARTESIAN_POINT('',(-3.25218959118556,0.,1.55988178716674));
#5221=CARTESIAN_POINT('',(-3.25218959118556,1.2082132192,1.55988178716674));
#5222=CARTESIAN_POINT('',(-3.25218959118556,1.2082132192,0.559449724493471));
#5223=CARTESIAN_POINT('',(-3.25218959118556,1.2082132192,0.559449724493471));
#5224=CARTESIAN_POINT('',(-3.25218959118556,1.3,0.559449724493471));
#5225=CARTESIAN_POINT('',(-3.25218959118556,0.598185162093778,0.559449724493471));
#5226=CARTESIAN_POINT('',(-3.25218959118556,0.598185162093778,0.682159324493469));
#5227=CARTESIAN_POINT('',(-2.45041452258701,1.3,-0.2));
#5228=CARTESIAN_POINT('',(-2.45041452258701,1.3,-0.2));
#5229=CARTESIAN_POINT('',(-2.45041452258701,1.3,0.));
#5230=CARTESIAN_POINT('',(-2.45041452258701,1.3,-0.2));
#5231=CARTESIAN_POINT('',(-3.8457830399016,1.3,0.272027062218039));
#5232=CARTESIAN_POINT('',(-3.8457830399016,1.3,0.));
#5233=CARTESIAN_POINT('',(-3.8457830399016,0.87258483195863,0.));
#5234=CARTESIAN_POINT('',(-3.8457830399016,1.3,0.));
#5235=CARTESIAN_POINT('',(-3.8457830399016,0.87258483195863,0.272027062218039));
#5236=CARTESIAN_POINT('',(-3.8457830399016,1.3,0.272027062218039));
#5237=CARTESIAN_POINT('',(3.27321130102043,-0.746217409329909,0.190963655090774));
#5238=CARTESIAN_POINT('',(3.35,-0.746217409329909,0.190963655090774));
#5239=CARTESIAN_POINT('',(3.35,-0.746217409329909,0.317331077719495));
#5240=CARTESIAN_POINT('',(3.35,-0.87258483195863,0.190963655090774));
#5241=CARTESIAN_POINT('',(3.27321130102043,-0.87258483195863,0.190963655090774));
#5242=CARTESIAN_POINT('',(3.27321130102043,-0.87258483195863,0.190963655090774));
#5243=CARTESIAN_POINT('',(3.27321130102043,-0.746217409329909,0.190963655090774));
#5244=CARTESIAN_POINT('',(3.27321130102043,-0.746217409329909,0.317331077719495));
#5245=CARTESIAN_POINT('',(3.27321130102043,-0.746217409329909,0.317331077719495));
#5246=CARTESIAN_POINT('',(3.27321130102043,-0.632457154487092,0.317331077719495));
#5247=CARTESIAN_POINT('',(3.35,-0.632457154487092,0.317331077719495));
#5248=CARTESIAN_POINT('',(3.35,-0.632457154487092,0.317331077719495));
#5249=CARTESIAN_POINT('',(3.27321130102043,-0.632457154487092,0.317331077719495));
#5250=CARTESIAN_POINT('',(3.27321130102043,-0.632457154487092,0.317331077719495));
#5251=CARTESIAN_POINT('',(3.27321130102043,-0.632457154487092,0.317331077719495));
#5252=CARTESIAN_POINT('',(3.27321130102043,-0.632457154487092,0.176554766385879));
#5253=CARTESIAN_POINT('',(3.35,-0.632457154487092,0.176554766385879));
#5254=CARTESIAN_POINT('',(3.35,-0.518349298514167,0.259000912675209));
#5255=CARTESIAN_POINT('',(3.27321130102043,-0.632457154487092,0.176554766385879));
#5256=CARTESIAN_POINT('',(3.27321130102043,-0.518349298514167,0.259000912675209));
#5257=CARTESIAN_POINT('',(3.27321130102043,-0.518349298514167,0.259000912675209));
#5258=CARTESIAN_POINT('',(3.27321130102043,-0.455310072490229,0.171752796813727));
#5259=CARTESIAN_POINT('',(3.35,-0.455310072490229,0.171752796813727));
#5260=CARTESIAN_POINT('',(3.35,-0.455310072490229,0.171752796813727));
#5261=CARTESIAN_POINT('',(3.27321130102043,-0.455310072490229,0.171752796813727));
#5262=CARTESIAN_POINT('',(3.27321130102043,-0.455310072490229,0.171752796813727));
#5263=CARTESIAN_POINT('',(3.27321130102043,-0.455310072490229,0.171752796813727));
#5264=CARTESIAN_POINT('',(3.27321130102043,-0.355499377792252,0.243868840587801));
#5265=CARTESIAN_POINT('',(3.35,-0.355499377792252,0.243868840587801));
#5266=CARTESIAN_POINT('',(3.35,-0.355499377792252,0.120731118724365));
#5267=CARTESIAN_POINT('',(3.27321130102043,-0.355499377792252,0.243868840587801));
#5268=CARTESIAN_POINT('',(3.27321130102043,-0.355499377792252,0.120731118724365));
#5269=CARTESIAN_POINT('',(3.27321130102043,-0.355499377792252,0.120731118724365));
#5270=CARTESIAN_POINT('',(3.27321130102043,0.355499377792252,0.120731118724365));
#5271=CARTESIAN_POINT('',(3.35,0.355499377792252,0.120731118724365));
#5272=CARTESIAN_POINT('',(3.35,0.355499377792252,0.120731118724365));
#5273=CARTESIAN_POINT('',(3.27321130102043,0.355499377792252,0.120731118724365));
#5274=CARTESIAN_POINT('',(3.27321130102043,0.355499377792252,0.120731118724365));
#5275=CARTESIAN_POINT('',(3.27321130102043,0.355499377792252,0.120731118724365));
#5276=CARTESIAN_POINT('',(3.27321130102043,0.355499377792252,0.243868840587801));
#5277=CARTESIAN_POINT('',(3.35,0.355499377792252,0.243868840587801));
#5278=CARTESIAN_POINT('',(3.35,0.455310072490229,0.171752796813727));
#5279=CARTESIAN_POINT('',(3.27321130102043,0.355499377792252,0.243868840587801));
#5280=CARTESIAN_POINT('',(3.27321130102043,0.455310072490229,0.171752796813727));
#5281=CARTESIAN_POINT('',(3.27321130102043,0.455310072490229,0.171752796813727));
#5282=CARTESIAN_POINT('',(3.27321130102043,0.518349298514167,0.259000912675209));
#5283=CARTESIAN_POINT('',(3.35,0.518349298514167,0.259000912675209));
#5284=CARTESIAN_POINT('',(3.35,0.518349298514167,0.259000912675209));
#5285=CARTESIAN_POINT('',(3.27321130102043,0.518349298514167,0.259000912675209));
#5286=CARTESIAN_POINT('',(3.27321130102043,0.518349298514167,0.259000912675209));
#5287=CARTESIAN_POINT('',(3.27321130102043,0.518349298514167,0.259000912675209));
#5288=CARTESIAN_POINT('',(3.27321130102043,0.632457154487092,0.176554766385879));
#5289=CARTESIAN_POINT('',(3.35,0.632457154487092,0.176554766385879));
#5290=CARTESIAN_POINT('',(3.35,0.632457154487092,0.317331077719495));
#5291=CARTESIAN_POINT('',(3.27321130102043,0.632457154487092,0.176554766385879));
#5292=CARTESIAN_POINT('',(3.27321130102043,0.632457154487092,0.317331077719495));
#5293=CARTESIAN_POINT('',(3.27321130102043,0.632457154487092,0.317331077719495));
#5294=CARTESIAN_POINT('',(3.27321130102043,0.746217409329909,0.317331077719495));
#5295=CARTESIAN_POINT('',(3.35,0.746217409329909,0.317331077719495));
#5296=CARTESIAN_POINT('',(3.35,0.746217409329909,0.317331077719495));
#5297=CARTESIAN_POINT('',(3.27321130102043,0.746217409329909,0.317331077719495));
#5298=CARTESIAN_POINT('',(3.27321130102043,0.746217409329909,0.317331077719495));
#5299=CARTESIAN_POINT('',(3.27321130102043,0.746217409329909,0.317331077719495));
#5300=CARTESIAN_POINT('',(3.27321130102043,0.746217409329909,0.190963655090774));
#5301=CARTESIAN_POINT('',(3.35,0.746217409329909,0.190963655090774));
#5302=CARTESIAN_POINT('',(3.35,0.87258483195863,0.190963655090774));
#5303=CARTESIAN_POINT('',(3.27321130102043,0.746217409329909,0.190963655090774));
#5304=CARTESIAN_POINT('',(3.27321130102043,0.87258483195863,0.190963655090774));
#5305=CARTESIAN_POINT('',(3.27321130102043,0.87258483195863,0.190963655090774));
#5306=CARTESIAN_POINT('',(3.27321130102043,-0.87258483195863,0.190963655090774));
#5307=CARTESIAN_POINT('',(3.35,-0.87258483195863,0.272027062218039));
#5308=CARTESIAN_POINT('',(3.35,-0.87258483195863,0.380011510218037));
#5309=CARTESIAN_POINT('',(3.457984448,-0.87258483195863,0.380011510218037));
#5310=CARTESIAN_POINT('',(3.457984448,-0.87258483195863,0.272027062218039));
#5311=CARTESIAN_POINT('',(3.8457830399016,-0.87258483195863,0.272027062218039));
#5312=CARTESIAN_POINT('',(3.8457830399016,-0.87258483195863,0.272027062218039));
#5313=CARTESIAN_POINT('',(3.8457830399016,-0.87258483195863,0.272027062218039));
#5314=CARTESIAN_POINT('',(3.8457830399016,-0.87258483195863,0.));
#5315=CARTESIAN_POINT('',(3.27321130102043,-0.87258483195863,0.));
#5316=CARTESIAN_POINT('',(3.27321130102043,-0.87258483195863,0.));
#5317=CARTESIAN_POINT('',(3.27321130102043,-0.87258483195863,0.190963655090774));
#5318=CARTESIAN_POINT('',(3.8457830399016,1.3,0.272027062218039));
#5319=CARTESIAN_POINT('',(3.8457830399016,1.3,0.));
#5320=CARTESIAN_POINT('',(3.8457830399016,1.3,0.));
#5321=CARTESIAN_POINT('',(3.8457830399016,0.87258483195863,0.));
#5322=CARTESIAN_POINT('',(3.8457830399016,1.3,0.272027062218039));
#5323=CARTESIAN_POINT('',(3.8457830399016,0.87258483195863,0.272027062218039));
#5324=CARTESIAN_POINT('',(3.35,1.3,1.7));
#5325=CARTESIAN_POINT('',(3.35,1.3,0.));
#5326=CARTESIAN_POINT('',(3.27321130102043,1.3,0.));
#5327=CARTESIAN_POINT('',(3.27321130102043,1.3,1.7));
#5328=CARTESIAN_POINT('',(3.35,1.3,1.7));
#5329=CARTESIAN_POINT('',(3.27321130102043,0.87258483195863,0.));
#5330=CARTESIAN_POINT('',(3.27321130102043,0.87258483195863,0.));
#5331=CARTESIAN_POINT('',(3.27321130102043,0.87258483195863,0.));
#5332=CARTESIAN_POINT('',(3.35,0.87258483195863,0.272027062218039));
#5333=CARTESIAN_POINT('',(3.27321130102043,0.87258483195863,0.));
#5334=CARTESIAN_POINT('',(-3.25218959118556,1.3,0.559449724493471));
#5335=CARTESIAN_POINT('',(-3.35,1.3,0.559449724493471));
#5336=CARTESIAN_POINT('',(-3.35,1.3,0.559449724493471));
#5337=CARTESIAN_POINT('',(-3.35,0.598185162093778,0.559449724493471));
#5338=CARTESIAN_POINT('',(-3.25218959118556,0.598185162093778,0.559449724493471));
#5339=CARTESIAN_POINT('',(-3.16040281038556,1.2082132192,0.559449724493471));
#5340=CARTESIAN_POINT('',(-3.16040281038556,1.3,0.559449724493471));
#5341=CARTESIAN_POINT('',(3.35,1.3,0.559449724493471));
#5342=CARTESIAN_POINT('',(-3.25218959118556,1.3,0.559449724493471));
#5343=CARTESIAN_POINT('',(-3.25218959118556,1.3,0.559449724493471));
#5344=CARTESIAN_POINT('',(-2.73635940657516,0.598185162093778,0.682159324493469));
#5345=CARTESIAN_POINT('',(-3.35,0.598185162093778,0.682159324493469));
#5346=CARTESIAN_POINT('',(-3.35,0.47547556209378,0.682159324493469));
#5347=CARTESIAN_POINT('',(-3.35,0.47547556209378,0.682159324493469));
#5348=CARTESIAN_POINT('',(-2.73635940657516,0.47547556209378,1.65166856796674));
#5349=CARTESIAN_POINT('',(-3.35,0.47547556209378,1.65166856796674));
#5350=CARTESIAN_POINT('',(-3.35,0.47547556209378,1.5772904));
#5351=CARTESIAN_POINT('',(-3.2272904,0.47547556209378,1.5772904));
#5352=CARTESIAN_POINT('',(-3.2272904,0.47547556209378,1.7));
#5353=CARTESIAN_POINT('',(-2.73635940657516,0.47547556209378,1.7));
#5354=CARTESIAN_POINT('',(-3.16040281038556,0.47547556209378,1.55988178716674));
#5355=CARTESIAN_POINT('',(-3.25218959118556,-0.87258483195863,0.));
#5356=CARTESIAN_POINT('',(-3.25218959118556,-0.87258483195863,0.));
#5357=CARTESIAN_POINT('',(-3.25218959118556,-0.87258483195863,0.));
#5358=CARTESIAN_POINT('',(-3.8457830399016,-0.87258483195863,0.));
#5359=CARTESIAN_POINT('',(-3.8457830399016,-0.87258483195863,0.272027062218039));
#5360=CARTESIAN_POINT('',(-3.8457830399016,-0.87258483195863,0.272027062218039));
#5361=CARTESIAN_POINT('',(-3.8457830399016,-0.87258483195863,0.272027062218039));
#5362=CARTESIAN_POINT('',(-3.457984448,-0.87258483195863,0.272027062218039));
#5363=CARTESIAN_POINT('',(-3.457984448,-0.87258483195863,0.380011510218037));
#5364=CARTESIAN_POINT('',(-3.35,-0.87258483195863,0.380011510218037));
#5365=CARTESIAN_POINT('',(-3.35,-0.87258483195863,0.272027062218039));
#5366=CARTESIAN_POINT('',(-3.35,-0.87258483195863,0.190963655090774));
#5367=CARTESIAN_POINT('',(-3.25218959118556,-0.87258483195863,0.190963655090774));
#5368=CARTESIAN_POINT('',(-3.25218959118556,-0.87258483195863,0.190963655090774));
#5369=CARTESIAN_POINT('',(-3.25218959118556,-0.87258483195863,0.));
#5370=CARTESIAN_POINT('',(-3.25218959118556,-0.746217409329909,0.190963655090774));
#5371=CARTESIAN_POINT('',(-3.35,-0.746217409329909,0.190963655090774));
#5372=CARTESIAN_POINT('',(-3.35,-0.746217409329909,0.317331077719495));
#5373=CARTESIAN_POINT('',(-3.25218959118556,-0.746217409329909,0.317331077719495));
#5374=CARTESIAN_POINT('',(-3.25218959118556,-0.746217409329909,0.317331077719495));
#5375=CARTESIAN_POINT('',(-3.25218959118556,-0.746217409329909,0.190963655090774));
#5376=CARTESIAN_POINT('',(-3.25218959118556,-0.746217409329909,0.317331077719495));
#5377=CARTESIAN_POINT('',(-3.35,-0.746217409329909,0.317331077719495));
#5378=CARTESIAN_POINT('',(-3.35,-0.632457154487092,0.317331077719495));
#5379=CARTESIAN_POINT('',(-3.25218959118556,-0.632457154487092,0.317331077719495));
#5380=CARTESIAN_POINT('',(-3.25218959118556,-0.632457154487092,0.317331077719495));
#5381=CARTESIAN_POINT('',(-3.25218959118556,-0.746217409329909,0.317331077719495));
#5382=CARTESIAN_POINT('',(-3.25218959118556,-0.632457154487092,0.176554766385879));
#5383=CARTESIAN_POINT('',(-3.35,-0.632457154487092,0.176554766385879));
#5384=CARTESIAN_POINT('',(-3.35,-0.518349298514167,0.259000912675209));
#5385=CARTESIAN_POINT('',(-3.25218959118556,-0.518349298514167,0.259000912675209));
#5386=CARTESIAN_POINT('',(-3.25218959118556,-0.518349298514167,0.259000912675209));
#5387=CARTESIAN_POINT('',(-3.25218959118556,-0.632457154487092,0.176554766385879));
#5388=CARTESIAN_POINT('',(-3.25218959118556,-0.518349298514167,0.259000912675209));
#5389=CARTESIAN_POINT('',(-3.35,-0.518349298514167,0.259000912675209));
#5390=CARTESIAN_POINT('',(-3.35,-0.455310072490229,0.171752796813727));
#5391=CARTESIAN_POINT('',(-3.25218959118556,-0.455310072490229,0.171752796813727));
#5392=CARTESIAN_POINT('',(-3.25218959118556,-0.455310072490229,0.171752796813727));
#5393=CARTESIAN_POINT('',(-3.25218959118556,-0.518349298514167,0.259000912675209));
#5394=CARTESIAN_POINT('',(-3.25218959118556,-0.355499377792252,0.243868840587801));
#5395=CARTESIAN_POINT('',(-3.35,-0.355499377792252,0.243868840587801));
#5396=CARTESIAN_POINT('',(-3.35,-0.355499377792252,0.120731118724365));
#5397=CARTESIAN_POINT('',(-3.25218959118556,-0.355499377792252,0.120731118724365));
#5398=CARTESIAN_POINT('',(-3.25218959118556,-0.355499377792252,0.120731118724365));
#5399=CARTESIAN_POINT('',(-3.25218959118556,-0.355499377792252,0.243868840587801));
#5400=CARTESIAN_POINT('',(-3.25218959118556,-0.355499377792252,0.120731118724365));
#5401=CARTESIAN_POINT('',(-3.35,-0.355499377792252,0.120731118724365));
#5402=CARTESIAN_POINT('',(-3.35,0.355499377792252,0.120731118724365));
#5403=CARTESIAN_POINT('',(-3.25218959118556,0.355499377792252,0.120731118724365));
#5404=CARTESIAN_POINT('',(-3.25218959118556,0.355499377792252,0.120731118724365));
#5405=CARTESIAN_POINT('',(-3.25218959118556,0.355499377792252,0.120731118724365));
#5406=CARTESIAN_POINT('',(-3.25218959118556,0.355499377792252,0.243868840587801));
#5407=CARTESIAN_POINT('',(-3.35,0.355499377792252,0.243868840587801));
#5408=CARTESIAN_POINT('',(-3.35,0.455310072490229,0.171752796813727));
#5409=CARTESIAN_POINT('',(-3.25218959118556,0.455310072490229,0.171752796813727));
#5410=CARTESIAN_POINT('',(-3.25218959118556,0.455310072490229,0.171752796813727));
#5411=CARTESIAN_POINT('',(-3.25218959118556,0.355499377792252,0.243868840587801));
#5412=CARTESIAN_POINT('',(-3.25218959118556,0.518349298514167,0.259000912675209));
#5413=CARTESIAN_POINT('',(-3.35,0.518349298514167,0.259000912675209));
#5414=CARTESIAN_POINT('',(-3.35,0.518349298514167,0.259000912675209));
#5415=CARTESIAN_POINT('',(-3.25218959118556,0.518349298514167,0.259000912675209));
#5416=CARTESIAN_POINT('',(-3.25218959118556,0.518349298514167,0.259000912675209));
#5417=CARTESIAN_POINT('',(-3.25218959118556,0.518349298514167,0.259000912675209));
#5418=CARTESIAN_POINT('',(-3.25218959118556,0.632457154487092,0.176554766385879));
#5419=CARTESIAN_POINT('',(-3.35,0.632457154487092,0.176554766385879));
#5420=CARTESIAN_POINT('',(-3.35,0.632457154487092,0.317331077719495));
#5421=CARTESIAN_POINT('',(-3.25218959118556,0.632457154487092,0.317331077719495));
#5422=CARTESIAN_POINT('',(-3.25218959118556,0.632457154487092,0.317331077719495));
#5423=CARTESIAN_POINT('',(-3.25218959118556,0.632457154487092,0.176554766385879));
#5424=CARTESIAN_POINT('',(-3.25218959118556,0.746217409329909,0.317331077719495));
#5425=CARTESIAN_POINT('',(-3.35,0.746217409329909,0.317331077719495));
#5426=CARTESIAN_POINT('',(-3.35,0.746217409329909,0.317331077719495));
#5427=CARTESIAN_POINT('',(-3.25218959118556,0.746217409329909,0.317331077719495));
#5428=CARTESIAN_POINT('',(-3.25218959118556,0.746217409329909,0.317331077719495));
#5429=CARTESIAN_POINT('',(-3.25218959118556,0.746217409329909,0.317331077719495));
#5430=CARTESIAN_POINT('',(-3.25218959118556,0.746217409329909,0.190963655090774));
#5431=CARTESIAN_POINT('',(-3.35,0.746217409329909,0.190963655090774));
#5432=CARTESIAN_POINT('',(-3.35,0.87258483195863,0.190963655090774));
#5433=CARTESIAN_POINT('',(-3.25218959118556,0.87258483195863,0.190963655090774));
#5434=CARTESIAN_POINT('',(-3.25218959118556,0.87258483195863,0.190963655090774));
#5435=CARTESIAN_POINT('',(-3.25218959118556,0.746217409329909,0.190963655090774));
#5436=CARTESIAN_POINT('',(-3.25218959118556,0.87258483195863,0.));
#5437=CARTESIAN_POINT('',(-3.35,0.87258483195863,0.272027062218039));
#5438=CARTESIAN_POINT('',(-3.35,0.87258483195863,0.380011510218037));
#5439=CARTESIAN_POINT('',(-3.457984448,0.87258483195863,0.380011510218037));
#5440=CARTESIAN_POINT('',(-3.25218959118556,0.87258483195863,0.));
#5441=CARTESIAN_POINT('',(-3.25218959118556,0.87258483195863,0.));
#5442=CARTESIAN_POINT('',(-3.25218959118556,0.87258483195863,0.));
#5443=CARTESIAN_POINT('',(-3.457984448,1.3,0.380011510218037));
#5444=CARTESIAN_POINT('',(-3.457984448,1.3,0.380011510218037));
#5445=CARTESIAN_POINT('',(-3.35,1.3,0.380011510218037));
#5446=CARTESIAN_POINT('',(-3.35,0.87258483195863,0.380011510218037));
#5447=CARTESIAN_POINT('',(3.35,1.3,1.7));
#5448=CARTESIAN_POINT('',(-3.25218959118556,1.3,1.7));
#5449=CARTESIAN_POINT('',(-3.25218959118556,1.3,0.));
#5450=CARTESIAN_POINT('',(3.35,1.3,0.));
#5451=CARTESIAN_POINT('',(-3.35,1.3,1.7));
#5452=CARTESIAN_POINT('',(-3.2272904,0.,1.5772904));
#5453=CARTESIAN_POINT('',(-3.35,0.47547556209378,1.5772904));
#5454=CARTESIAN_POINT('',(-3.35,-0.47547556209378,1.5772904));
#5455=CARTESIAN_POINT('',(-3.2272904,-0.47547556209378,1.5772904));
#5456=CARTESIAN_POINT('',(-3.2272904,-0.47547556209378,1.7));
#5457=CARTESIAN_POINT('',(-3.2272904,-0.47547556209378,1.7));
#5458=CARTESIAN_POINT('',(0.,0.,1.7));
#5459=CARTESIAN_POINT('',(2.73635940657516,-0.47547556209378,1.7));
#5460=CARTESIAN_POINT('',(2.73635940657516,-0.47547556209378,1.7));
#5461=CARTESIAN_POINT('',(-2.73635940657516,-0.47547556209378,1.7));
#5462=CARTESIAN_POINT('',(-2.73635940657516,-0.47547556209378,1.7));
#5463=CARTESIAN_POINT('',(-2.73635940657516,-1.3,1.7));
#5464=CARTESIAN_POINT('',(-2.73635940657516,-1.3,1.7));
#5465=CARTESIAN_POINT('',(-3.35,-1.3,1.7));
#5466=CARTESIAN_POINT('',(2.73635940657516,-1.3,1.7));
#5467=CARTESIAN_POINT('',(2.73635940657516,-1.3,1.7));
#5468=CARTESIAN_POINT('',(-3.35,-1.3,1.7));
#5469=CARTESIAN_POINT('',(2.73635940657516,-1.3,1.53279698678755));
#5470=CARTESIAN_POINT('',(2.73635940657516,-1.3,1.53279698678755));
#5471=CARTESIAN_POINT('',(-2.73635940657516,-1.3,1.53279698678755));
#5472=CARTESIAN_POINT('',(2.73635940657516,-1.3,1.65166856796674));
#5473=CARTESIAN_POINT('',(-2.73635940657516,-1.3,1.65166856796674));
#5474=CARTESIAN_POINT('',(2.73635940657516,-0.47547556209378,1.65166856796674));
#5475=CARTESIAN_POINT('',(2.73635940657516,-0.47547556209378,1.65166856796674));
#5476=CARTESIAN_POINT('',(3.18142452022043,-0.47547556209378,1.65166856796674));
#5477=CARTESIAN_POINT('',(2.73635940657516,-0.47547556209378,1.65166856796674));
#5478=CARTESIAN_POINT('',(3.18142452022043,-0.47547556209378,1.55988178716674));
#5479=CARTESIAN_POINT('',(3.27321130102043,-0.47547556209378,1.55988178716674));
#5480=CARTESIAN_POINT('',(3.27321130102043,-0.47547556209378,1.65166856796674));
#5481=CARTESIAN_POINT('',(3.27321130102043,-0.47547556209378,0.682159324493469));
#5482=CARTESIAN_POINT('',(2.73635940657516,-0.47547556209378,0.682159324493469));
#5483=CARTESIAN_POINT('',(3.35,-0.47547556209378,0.682159324493469));
#5484=CARTESIAN_POINT('',(3.35,-0.47547556209378,1.65166856796674));
#5485=CARTESIAN_POINT('',(2.73635940657516,-0.47547556209378,1.65166856796674));
#5486=CARTESIAN_POINT('',(2.73635940657516,-0.598185162093778,0.682159324493469));
#5487=CARTESIAN_POINT('',(3.27321130102043,-0.598185162093778,0.682159324493469));
#5488=CARTESIAN_POINT('',(3.27321130102043,-0.598185162093778,0.559449724493471));
#5489=CARTESIAN_POINT('',(3.27321130102043,-0.598185162093778,0.559449724493471));
#5490=CARTESIAN_POINT('',(3.35,-0.598185162093778,0.559449724493471));
#5491=CARTESIAN_POINT('',(3.35,-0.598185162093778,0.682159324493469));
#5492=CARTESIAN_POINT('',(3.27321130102043,-0.47547556209378,0.559449724493471));
#5493=CARTESIAN_POINT('',(3.27321130102043,-0.47547556209378,0.559449724493471));
#5494=CARTESIAN_POINT('',(3.27321130102043,-1.19214121075016,0.559449724493471));
#5495=CARTESIAN_POINT('',(3.18142452022043,-1.19214121075016,0.559449724493471));
#5496=CARTESIAN_POINT('',(3.18142452022043,-1.28392799155015,0.559449724493471));
#5497=CARTESIAN_POINT('',(0.,-1.28392799155015,0.559449724493471));
#5498=CARTESIAN_POINT('',(3.27321130102043,-1.28392799155015,0.559449724493471));
#5499=CARTESIAN_POINT('',(3.27321130102043,-1.28392799155015,0.559449724493471));
#5500=CARTESIAN_POINT('',(3.35,-1.28392799155015,0.559449724493471));
#5501=CARTESIAN_POINT('',(3.35,-0.47547556209378,0.559449724493471));
#5502=CARTESIAN_POINT('',(3.35,-1.3,1.7));
#5503=CARTESIAN_POINT('',(3.35,-1.28392799155015,1.7));
#5504=CARTESIAN_POINT('',(3.35,-1.28392799155015,0.380011510218037));
#5505=CARTESIAN_POINT('',(3.35,-0.87258483195863,0.380011510218037));
#5506=CARTESIAN_POINT('',(3.457984448,-1.3,0.380011510218037));
#5507=CARTESIAN_POINT('',(3.457984448,-1.28392799155015,0.380011510218037));
#5508=CARTESIAN_POINT('',(3.457984448,-1.28392799155015,0.272027062218039));
#5509=CARTESIAN_POINT('',(3.457984448,-1.28392799155015,0.272027062218039));
#5510=CARTESIAN_POINT('',(0.,0.,0.272027062218039));
#5511=CARTESIAN_POINT('',(3.35,-1.28392799155015,0.272027062218039));
#5512=CARTESIAN_POINT('',(3.8457830399016,-1.28392799155015,0.272027062218039));
#5513=CARTESIAN_POINT('',(3.8457830399016,-1.3,0.272027062218039));
#5514=CARTESIAN_POINT('',(3.8457830399016,-1.3,0.272027062218039));
#5515=CARTESIAN_POINT('',(3.8457830399016,-1.3,0.));
#5516=CARTESIAN_POINT('',(3.8457830399016,-1.28392799155015,0.));
#5517=CARTESIAN_POINT('',(3.8457830399016,-1.28392799155015,0.272027062218039));
#5518=CARTESIAN_POINT('',(2.45473695937103,1.3,-0.2));
#5519=CARTESIAN_POINT('',(3.35,1.3,0.));
#5520=CARTESIAN_POINT('',(0.954736959371033,1.3,-0.2));
#5521=CARTESIAN_POINT('',(3.35,1.3,0.));
#5522=CARTESIAN_POINT('',(-2.04292736773877,1.3,-0.2));
#5523=CARTESIAN_POINT('',(3.35,1.3,0.));
#5524=CARTESIAN_POINT('',(3.35,1.3,1.7));
#5525=CARTESIAN_POINT('',(3.27321130102043,1.3,1.55988178716674));
#5526=CARTESIAN_POINT('',(3.18142452022043,1.3,1.55988178716674));
#5527=CARTESIAN_POINT('',(3.18142452022043,1.3,1.7));
#5528=CARTESIAN_POINT('',(3.35,1.3,0.));
#5529=CARTESIAN_POINT('',(3.35,1.3,0.));
#5530=CARTESIAN_POINT('',(3.35,1.3,0.));
#5531=CARTESIAN_POINT('',(3.35,1.3,0.));
#5532=CARTESIAN_POINT('',(-3.16040281038556,1.3,1.65166856796674));
#5533=CARTESIAN_POINT('',(-3.16040281038556,1.3,1.55988178716674));
#5534=CARTESIAN_POINT('',(-2.73635940657516,1.3,1.55988178716674));
#5535=CARTESIAN_POINT('',(0.,0.,0.));
#5536=CARTESIAN_POINT('',(-3.25218959118556,0.,0.));
#5537=CARTESIAN_POINT('',(-3.25218959118556,0.,0.));
#5538=CARTESIAN_POINT('',(-3.25218959118556,0.,0.));
#5539=CARTESIAN_POINT('',(0.,0.,0.));
#5540=CARTESIAN_POINT('',(0.,-1.28392799155015,0.));
#5541=CARTESIAN_POINT('',(3.27321130102043,-1.28392799155015,0.));
#5542=CARTESIAN_POINT('',(3.27321130102043,0.,0.));
#5543=CARTESIAN_POINT('',(3.27321130102043,0.746217409329909,0.190963655090774));
#5544=CARTESIAN_POINT('',(3.27321130102043,-0.87258483195863,0.));
#5545=CARTESIAN_POINT('',(0.,0.,0.));
#5546=CARTESIAN_POINT('',(3.27321130102043,0.,0.));
#5547=CARTESIAN_POINT('',(0.,0.,0.));
#5548=CARTESIAN_POINT('',(-3.25218959118556,0.,0.));
#5549=CARTESIAN_POINT('',(-3.25218959118556,-1.28392799155015,0.));
#5550=CARTESIAN_POINT('',(0.,-1.28392799155015,0.));
#5551=CARTESIAN_POINT('',(-3.8457830399016,-1.28392799155015,0.));
#5552=CARTESIAN_POINT('',(-3.8457830399016,-1.3,0.));
#5553=CARTESIAN_POINT('',(-3.8457830399016,-1.3,0.272027062218039));
#5554=CARTESIAN_POINT('',(-3.8457830399016,-1.28392799155015,0.272027062218039));
#5555=CARTESIAN_POINT('',(-3.8457830399016,-1.28392799155015,0.272027062218039));
#5556=CARTESIAN_POINT('',(-3.8457830399016,-1.3,0.272027062218039));
#5557=CARTESIAN_POINT('',(0.,0.,0.272027062218039));
#5558=CARTESIAN_POINT('',(-3.35,-1.28392799155015,0.272027062218039));
#5559=CARTESIAN_POINT('',(-3.457984448,-1.28392799155015,0.272027062218039));
#5560=CARTESIAN_POINT('',(-3.457984448,-0.87258483195863,0.272027062218039));
#5561=CARTESIAN_POINT('',(-3.457984448,1.3,0.380011510218037));
#5562=CARTESIAN_POINT('',(-3.457984448,-1.28392799155015,0.380011510218037));
#5563=CARTESIAN_POINT('',(-3.35,-1.28392799155015,0.380011510218037));
#5564=CARTESIAN_POINT('',(-3.35,-1.28392799155015,0.380011510218037));
#5565=CARTESIAN_POINT('',(-3.35,1.3,1.7));
#5566=CARTESIAN_POINT('',(-3.35,-1.28392799155015,1.7));
#5567=CARTESIAN_POINT('',(-3.35,-1.28392799155015,0.559449724493471));
#5568=CARTESIAN_POINT('',(-3.35,-0.47547556209378,0.559449724493471));
#5569=CARTESIAN_POINT('',(-3.35,-0.598185162093778,0.559449724493471));
#5570=CARTESIAN_POINT('',(-3.35,-0.598185162093778,0.682159324493469));
#5571=CARTESIAN_POINT('',(-3.35,-0.47547556209378,0.682159324493469));
#5572=CARTESIAN_POINT('',(-3.35,-0.47547556209378,1.65166856796674));
#5573=CARTESIAN_POINT('',(-3.25218959118556,-0.598185162093778,0.682159324493469));
#5574=CARTESIAN_POINT('',(-3.25218959118556,-0.598185162093778,0.682159324493469));
#5575=CARTESIAN_POINT('',(-3.25218959118556,-0.47547556209378,0.682159324493469));
#5576=CARTESIAN_POINT('',(-3.25218959118556,-0.598185162093778,0.559449724493471));
#5577=CARTESIAN_POINT('',(-3.25218959118556,-0.47547556209378,0.682159324493469));
#5578=CARTESIAN_POINT('',(-3.35,-0.598185162093778,0.559449724493471));
#5579=CARTESIAN_POINT('',(-2.73635940657516,-0.47547556209378,1.65166856796674));
#5580=CARTESIAN_POINT('',(-3.25218959118556,-0.47547556209378,1.65166856796674));
#5581=CARTESIAN_POINT('',(-3.25218959118556,-0.47547556209378,1.55988178716674));
#5582=CARTESIAN_POINT('',(-3.16040281038556,-0.47547556209378,1.55988178716674));
#5583=CARTESIAN_POINT('',(-3.16040281038556,-0.47547556209378,1.65166856796674));
#5584=CARTESIAN_POINT('',(-2.73635940657516,-0.47547556209378,1.65166856796674));
#5585=CARTESIAN_POINT('',(-2.73635940657516,-0.47547556209378,1.65166856796674));
#5586=CARTESIAN_POINT('',(-2.73635940657516,-0.47547556209378,1.65166856796674));
#5587=CARTESIAN_POINT('',(-3.25218959118556,-0.47547556209378,0.559449724493471));
#5588=CARTESIAN_POINT('',(-3.25218959118556,-1.28392799155015,0.559449724493471));
#5589=CARTESIAN_POINT('',(-3.25218959118556,-1.28392799155015,0.559449724493471));
#5590=CARTESIAN_POINT('',(-3.25218959118556,-1.28392799155015,0.559449724493471));
#5591=CARTESIAN_POINT('',(-3.16040281038556,-1.28392799155015,0.559449724493471));
#5592=CARTESIAN_POINT('',(-3.16040281038556,-1.19214121075016,0.559449724493471));
#5593=CARTESIAN_POINT('',(-3.25218959118556,-1.19214121075016,0.559449724493471));
#5594=CARTESIAN_POINT('',(-3.25218959118556,-0.47547556209378,0.559449724493471));
#5595=CARTESIAN_POINT('',(0.,0.,1.65166856796674));
#5596=CARTESIAN_POINT('',(-3.16040281038556,0.,1.65166856796674));
#5597=CARTESIAN_POINT('',(-3.16040281038556,-1.19214121075016,1.65166856796674));
#5598=CARTESIAN_POINT('',(0.,-1.19214121075016,1.65166856796674));
#5599=CARTESIAN_POINT('',(-2.73635940657516,-1.19214121075016,1.65166856796674));
#5600=CARTESIAN_POINT('',(-2.73635940657516,-1.3,1.65166856796674));
#5601=CARTESIAN_POINT('',(-2.73635940657516,-1.3,1.65166856796674));
#5602=CARTESIAN_POINT('',(-2.73635940657516,-1.19214121075016,1.55988178716674));
#5603=CARTESIAN_POINT('',(-2.73635940657516,-1.28392799155015,1.55988178716674));
#5604=CARTESIAN_POINT('',(-2.73635940657516,-1.28392799155015,1.65166856796674));
#5605=CARTESIAN_POINT('',(-2.73635940657516,-1.28392799155015,1.53279698678755));
#5606=CARTESIAN_POINT('',(-2.73635940657516,-1.28392799155015,1.53279698678755));
#5607=CARTESIAN_POINT('',(2.73635940657516,-1.28392799155015,1.53279698678755));
#5608=CARTESIAN_POINT('',(2.73635940657516,-1.28392799155015,1.53279698678755));
#5609=CARTESIAN_POINT('',(2.73635940657516,-1.28392799155015,1.53279698678755));
#5610=CARTESIAN_POINT('',(2.73635940657516,-1.28392799155015,1.53279698678755));
#5611=CARTESIAN_POINT('',(2.73635940657516,-1.3,1.65166856796674));
#5612=CARTESIAN_POINT('',(2.73635940657516,-1.28392799155015,1.65166856796674));
#5613=CARTESIAN_POINT('',(2.73635940657516,-1.28392799155015,1.55988178716674));
#5614=CARTESIAN_POINT('',(2.73635940657516,-1.19214121075016,1.55988178716674));
#5615=CARTESIAN_POINT('',(2.73635940657516,-1.19214121075016,1.65166856796674));
#5616=CARTESIAN_POINT('',(2.73635940657516,-1.3,1.65166856796674));
#5617=CARTESIAN_POINT('',(0.,0.,1.65166856796674));
#5618=CARTESIAN_POINT('',(0.,-1.19214121075016,1.65166856796674));
#5619=CARTESIAN_POINT('',(3.18142452022043,-1.19214121075016,1.65166856796674));
#5620=CARTESIAN_POINT('',(3.18142452022043,-0.47547556209378,1.65166856796674));
#5621=CARTESIAN_POINT('',(3.27321130102043,0.,0.));
#5622=CARTESIAN_POINT('',(3.27321130102043,-1.28392799155015,1.55988178716674));
#5623=CARTESIAN_POINT('',(3.27321130102043,-1.19214121075016,1.55988178716674));
#5624=CARTESIAN_POINT('',(3.27321130102043,-1.19214121075016,0.559449724493471));
#5625=CARTESIAN_POINT('',(0.,-1.28392799155015,1.65166856796674));
#5626=CARTESIAN_POINT('',(3.27321130102043,-1.28392799155015,1.65166856796674));
#5627=CARTESIAN_POINT('',(0.,0.,0.));
#5628=CARTESIAN_POINT('',(0.,-1.28392799155015,0.));
#5629=CARTESIAN_POINT('',(0.,-1.28392799155015,1.65166856796674));
#5630=CARTESIAN_POINT('',(-3.25218959118556,-1.28392799155015,1.65166856796674));
#5631=CARTESIAN_POINT('',(-3.25218959118556,0.,0.));
#5632=CARTESIAN_POINT('',(-3.25218959118556,-1.19214121075016,0.));
#5633=CARTESIAN_POINT('',(-3.25218959118556,-1.19214121075016,1.55988178716674));
#5634=CARTESIAN_POINT('',(-3.25218959118556,0.,1.55988178716674));
#5635=CARTESIAN_POINT('',(0.,-1.28392799155015,1.65166856796674));
#5636=CARTESIAN_POINT('',(3.18142452022043,-1.28392799155015,1.65166856796674));
#5637=CARTESIAN_POINT('',(3.18142452022043,-1.28392799155015,1.55988178716674));
#5638=CARTESIAN_POINT('',(0.,-1.28392799155015,1.55988178716674));
#5639=CARTESIAN_POINT('',(0.,-1.28392799155015,1.55988178716674));
#5640=CARTESIAN_POINT('',(-3.16040281038556,-1.28392799155015,1.55988178716674));
#5641=CARTESIAN_POINT('',(-3.16040281038556,-1.28392799155015,1.65166856796674));
#5642=CARTESIAN_POINT('',(0.,-1.19214121075016,1.55988178716674));
#5643=CARTESIAN_POINT('',(-3.16040281038556,-1.19214121075016,1.55988178716674));
#5644=CARTESIAN_POINT('',(-3.16040281038556,-1.19214121075016,1.65166856796674));
#5645=CARTESIAN_POINT('',(-3.16040281038556,-1.19214121075016,1.55988178716674));
#5646=CARTESIAN_POINT('',(-3.16040281038556,-1.19214121075016,1.55988178716674));
#5647=CARTESIAN_POINT('',(-3.16040281038556,-1.19214121075016,1.55988178716674));
#5648=CARTESIAN_POINT('',(-3.16040281038556,0.,1.55988178716674));
#5649=CARTESIAN_POINT('',(3.18142452022043,1.2082132192,0.));
#5650=CARTESIAN_POINT('',(3.18142452022043,1.2082132192,1.55988178716674));
#5651=CARTESIAN_POINT('',(3.18142452022043,0.,1.55988178716674));
#5652=CARTESIAN_POINT('',(3.18142452022043,1.2082132192,1.55988178716674));
#5653=CARTESIAN_POINT('',(3.18142452022043,1.2082132192,1.55988178716674));
#5654=CARTESIAN_POINT('',(3.18142452022043,1.2082132192,1.55988178716674));
#5655=CARTESIAN_POINT('',(0.,1.2082132192,1.55988178716674));
#5656=CARTESIAN_POINT('',(3.18142452022043,-1.19214121075016,1.65166856796674));
#5657=CARTESIAN_POINT('',(3.18142452022043,-1.19214121075016,1.55988178716674));
#5658=CARTESIAN_POINT('',(0.,-1.19214121075016,1.55988178716674));
#5659=CARTESIAN_POINT('',(3.18142452022043,-1.19214121075016,1.55988178716674));
#5660=CARTESIAN_POINT('',(3.18142452022043,-1.19214121075016,1.55988178716674));
#5661=CARTESIAN_POINT('',(3.18142452022043,-1.19214121075016,1.55988178716674));
#5662=CARTESIAN_POINT('',(3.18142452022043,0.,1.55988178716674));
#5663=CARTESIAN_POINT('',(-3.16040281038556,0.,1.55988178716674));
#5664=CARTESIAN_POINT('',(-3.16040281038556,1.2082132192,1.55988178716674));
#5665=CARTESIAN_POINT('',(-3.16040281038556,1.2082132192,0.));
#5666=CARTESIAN_POINT('',(-3.16040281038556,1.2082132192,1.55988178716674));
#5667=CARTESIAN_POINT('',(-3.16040281038556,1.2082132192,1.55988178716674));
#5668=CARTESIAN_POINT('',(-3.16040281038556,1.2082132192,1.55988178716674));
#5669=CARTESIAN_POINT('',(0.,1.2082132192,1.55988178716674));
#5670=MECHANICAL_DESIGN_GEOMETRIC_PRESENTATION_REPRESENTATION('',(#2578,
#2579,#2580,#2581,#2582,#2583,#2584,#2585,#2586,#2587,#2588,#2589,#2590,
#2591,#2592,#2593,#2594,#2595,#2596,#2597,#2598,#2599,#2600,#2601,#2602,
#2603,#2604,#2605,#2606,#2607,#2608,#2609,#2610,#2611,#2612,#2613,#2614,
#2615,#2616,#2617,#2618,#2619,#2620,#2621,#2622,#2623,#2624,#2625,#2626,
#2627,#2628,#2629,#2630,#2631,#2632,#2633,#2634,#2635,#2636,#2637,#2638,
#2639,#2640,#2641,#2642,#2643,#2644,#2645,#2646,#2647,#2648,#2649,#2650,
#2651,#2652,#2653,#2654,#2655,#2656,#2657,#2658,#2659,#2660,#2661,#2662,
#2663,#2664,#2665,#2666,#2667,#2668,#2669,#2670,#2671,#2672,#2673,#2674,
#2675,#2676,#2677,#2678,#2679,#2680,#2681,#2682,#2683,#2684,#2685,#2686,
#2687,#2688,#2689,#2690,#2691,#2692,#2693,#2694,#2695,#2696,#2697,#2698,
#2699,#2700,#2701,#2702,#2703,#2704,#2705,#2706,#2707,#2708,#2709,#2710,
#2711,#2712,#2713,#2714,#2715,#2716,#2717,#2718,#2719,#2720,#2721,#2722,
#2723,#2724,#2725,#2726,#2727,#2728),#5671);
#5671=(
GEOMETRIC_REPRESENTATION_CONTEXT(3)
GLOBAL_UNCERTAINTY_ASSIGNED_CONTEXT((#5672))
GLOBAL_UNIT_ASSIGNED_CONTEXT((#5675,#5674,#5673))
REPRESENTATION_CONTEXT('MSS3-V-TR','TOP_LEVEL_ASSEMBLY_PART')
);
#5672=UNCERTAINTY_MEASURE_WITH_UNIT(LENGTH_MEASURE(0.005),#5675,
'DISTANCE_ACCURACY_VALUE','Maximum Tolerance applied to model');
#5673=(
NAMED_UNIT(*)
SI_UNIT($,.STERADIAN.)
SOLID_ANGLE_UNIT()
);
#5674=(
NAMED_UNIT(*)
PLANE_ANGLE_UNIT()
SI_UNIT($,.RADIAN.)
);
#5675=(
LENGTH_UNIT()
NAMED_UNIT(*)
SI_UNIT(.MILLI.,.METRE.)
);
#5676=PRODUCT_DEFINITION_SHAPE('','',#5677);
#5677=PRODUCT_DEFINITION('','',#5679,#5678);
#5678=PRODUCT_DEFINITION_CONTEXT('',#5685,'design');
#5679=PRODUCT_DEFINITION_FORMATION_WITH_SPECIFIED_SOURCE('','',#5681,
 .NOT_KNOWN.);
#5680=PRODUCT_RELATED_PRODUCT_CATEGORY('','',(#5681));
#5681=PRODUCT('MSS3-V-TR','MSS3-V-TR','MSS3-V-TR',(#5683));
#5682=PRODUCT_CATEGORY('','');
#5683=PRODUCT_CONTEXT('',#5685,'mechanical');
#5684=APPLICATION_PROTOCOL_DEFINITION('international standard',
'automotive_design',2010,#5685);
#5685=APPLICATION_CONTEXT(
'core data for automotive mechanical design processes');
ENDSEC;
END-ISO-10303-21;
